uid	ec
A0A0N1GNK6	1.1.3.10
J7LQA3	1.1.3.10
J7LVS7	1.1.3.10
Q0RGV3	1.1.3.10
I4EXS6	1.1.3.10
I4EXQ4	1.1.3.10
G4HXT0	1.1.3.10
B8H6F9	1.1.3.10
A0A1S8A634	1.1.3.10
Q8J2V8	1.1.3.10
A0A0C4YFD9	1.1.3.12
A0A222TNV8	1.1.3.12
A0A2C9D0U4	1.1.3.12
B7QMD1	1.1.3.12
A0A1U9YVN9	1.1.3.12
M5F6A5	1.1.3.12
Q9AJD6	1.1.3.12
A0A0D6IYV5	1.1.3.12
A0A0U1CBT0	1.1.3.12
A0A1U2IP34	1.1.3.12
A0A240B5B1	1.1.3.12
A0A256FUW7	1.1.3.12
A0A248UNQ9	1.1.3.12
A0A256F9H8	1.1.3.12
A0A1Y5T676	1.1.3.12
M4UHN0	1.1.3.12
Q5NT46	1.1.3.12
B7PIZ7	1.1.3.13
B8LTH8	1.1.3.13
M5C7F4	1.1.3.13
M5CH40	1.1.3.13
M5C8F8	1.1.3.13
M5C2L8	1.1.3.13
M5C784	1.1.3.13
M5CB66	1.1.3.13
M5CC52	1.1.3.13
A5LGE0	1.1.3.13
A0A2K4ZDQ6	1.1.3.15
A0A0U5F9V4	1.1.3.15
A0A1Y0XVA5	1.1.3.15
S6DC87	1.1.3.15
A0A1Y0UUM1	1.1.3.15
A0A1A0DC63	1.1.3.15
A0A1F2PDL2	1.1.3.15
A0A1F2PK47	1.1.3.15
A0A2X0SPC1	1.1.3.15
A0A2X0SWG9	1.1.3.15
D4XA33	1.1.3.15
D4XIR1	1.1.3.15
D4XA32	1.1.3.15
D4XA34	1.1.3.15
A0A0M7BTY0	1.1.3.15
A0A0M7NE14	1.1.3.15
A0A0M7LBC1	1.1.3.15
A0A0M7DGE4	1.1.3.15
A0A0M7MCW0	1.1.3.15
E3HEK0	1.1.3.15
E3HEJ9	1.1.3.15
K7S8X4	1.1.3.15
A0A1V6HVB3	1.1.3.15
A1W3D8	1.1.3.15
A1WAZ5	1.1.3.15
A0A1G5LLR7	1.1.3.15
A0A1G5LWX5	1.1.3.15
A0A1P8PH87	1.1.3.15
A0A2U3N1C3	1.1.3.15
A0A1D8C4M1	1.1.3.15
A0A1L7F8E5	1.1.3.15
A0A0G3V1N4	1.1.3.15
A0A0J0UTH7	1.1.3.15
A0A0G3UZA1	1.1.3.15
A0A0N0MLM2	1.1.3.15
A0A0N1ND03	1.1.3.15
A0A0N0MSK1	1.1.3.15
A0A0N1GGN2	1.1.3.15
A0A0N1G0C7	1.1.3.15
A0A1V5PUM4	1.1.3.15
W7ILH9	1.1.3.15
A0A2P9IED3	1.1.3.15
A0A2P9IBG3	1.1.3.15
A0A2P4UIE7	1.1.3.15
A0A1R4G0W3	1.1.3.15
R9PTS0	1.1.3.15
A0A1S7PQU1	1.1.3.15
A0A1S7PQF0	1.1.3.15
A0A1S7PRC0	1.1.3.15
A0A1S7M775	1.1.3.15
A0A1S7MDK7	1.1.3.15
A0A1S7QAV1	1.1.3.15
A0A1S7MDJ1	1.1.3.15
A0A1S7M7E9	1.1.3.15
A0A1S7PEZ0	1.1.3.15
A0A1S7MLC4	1.1.3.15
A0A1S7MKY1	1.1.3.15
A0A1S7Q4R6	1.1.3.15
A0A1S7TXY8	1.1.3.15
A0A1S7TNM3	1.1.3.15
A0A1S7M6N8	1.1.3.15
A0A1S7TNM0	1.1.3.15
A0A1S7NUI0	1.1.3.15
A0A1S7QSK4	1.1.3.15
A0A1S7Q804	1.1.3.15
A0A1S7TY46	1.1.3.15
A0A1S7Q7C1	1.1.3.15
A0A1S7MKX0	1.1.3.15
A0A1S7MDD8	1.1.3.15
A0A1S7PFD1	1.1.3.15
A0A1S7TNM8	1.1.3.15
A0A1S7NUM5	1.1.3.15
A0A1S7QYC4	1.1.3.15
A0A1S7TXX4	1.1.3.15
A0A1S7SNJ9	1.1.3.15
A0A1S7Q0U8	1.1.3.15
A0A1S7Q0Q7	1.1.3.15
A0A1S7SNX1	1.1.3.15
A0A1S7PYD9	1.1.3.15
A0A1S7PZ34	1.1.3.15
A0A1S7PZ14	1.1.3.15
A0A1R4G104	1.1.3.15
A0A0M9IQE6	1.1.3.15
F4G5A4	1.1.3.15
A0A0H5CSE9	1.1.3.15
A0A2S6TT10	1.1.3.15
A0A2S6T084	1.1.3.15
A0A2S6UBM7	1.1.3.15
A0A1V6F3N2	1.1.3.15
A0A2S6TFR6	1.1.3.15
A0A2S6RTL4	1.1.3.15
A0A2P5VKQ3	1.1.3.15
A0A2S6SRY9	1.1.3.15
A0A2S6SET6	1.1.3.15
A0A2S6QUR3	1.1.3.15
A0A2S6T981	1.1.3.15
A0A2S6S414	1.1.3.15
A0A1V6FFS7	1.1.3.15
A0A2S6Q8G6	1.1.3.15
A0A2S6TZ65	1.1.3.15
A0A0N0XID0	1.1.3.15
A0A178XCA5	1.1.3.15
Q3MD83	1.1.3.15
A0A2X0V6P8	1.1.3.15
C7HSG4	1.1.3.15
D4MUZ9	1.1.3.15
A0A173XIA0	1.1.3.15
A0A174CW85	1.1.3.15
D4MUV9	1.1.3.15
D4N087	1.1.3.15
A0A174Q9E6	1.1.3.15
A0A0U5BDM6	1.1.3.15
A0A2I0B889	1.1.3.15
Q9LJH5	1.1.3.15
O49506	1.1.3.15
Q9LRR9	1.1.3.15
Q24JJ8	1.1.3.15
Q9LRS0	1.1.3.15
A0A075WBB5	1.1.3.15
E6L309	1.1.3.15
E6L3P7	1.1.3.15
A8EVV7	1.1.3.15
Q5P8S5	1.1.3.15
Q5P1Z4	1.1.3.15
H1WCY2	1.1.3.15
H1WCY1	1.1.3.15
A2R0X2	1.1.3.15
A2QBA3	1.1.3.15
A1K321	1.1.3.15
D3NRV6	1.1.3.15
I2C8Q5	1.1.3.15
I2C8Q6	1.1.3.15
A0A1Y0XI96	1.1.3.15
A0A1Y0X8V4	1.1.3.15
A0A072P3D3	1.1.3.15
A0A1Y5ZX00	1.1.3.15
Q81GB1	1.1.3.15
Q63E73	1.1.3.15
A0A1G4KV29	1.1.3.15
Q81AQ6	1.1.3.15
D8H684	1.1.3.15
Q81GB2	1.1.3.15
Q63E74	1.1.3.15
A0A2X0YUT7	1.1.3.15
A0A2X0Z6A8	1.1.3.15
A0A2X0YSU8	1.1.3.15
A0A2X1AUD3	1.1.3.15
A0A2X1AWL4	1.1.3.15
A0A2X0XFI9	1.1.3.15
A0A2X1AQ03	1.1.3.15
A0A2X1ASK1	1.1.3.15
Q5WFZ5	1.1.3.15
Q5WAP3	1.1.3.15
Q5WAP2	1.1.3.15
Q5WCX9	1.1.3.15
Q5WCX8	1.1.3.15
Q5WFZ3	1.1.3.15
Q5WFZ4	1.1.3.15
A0A1Y0YNK1	1.1.3.15
A0A2X0YMS7	1.1.3.15
A0A1Y0WK63	1.1.3.15
A0A1Y0WXH0	1.1.3.15
A0A1S9XLN4	1.1.3.15
A0A1X6QH05	1.1.3.15
A0A0H4NZY9	1.1.3.15
A0A150KMR5	1.1.3.15
Q6HLP8	1.1.3.15
Q3EWG9	1.1.3.15
A0RBC0	1.1.3.15
Q3EWG8	1.1.3.15
A0A1E8APH5	1.1.3.15
A0A1V6BHK0	1.1.3.15
A0A1V6BAP2	1.1.3.15
A0A0A7DLL0	1.1.3.15
A0A1Z5H867	1.1.3.15
V4Y1L5	1.1.3.15
A0A086ZI34	1.1.3.15
A0A087D1R1	1.1.3.15
A0A087EIS6	1.1.3.15
A0A0H5BPQ4	1.1.3.15
H6RSV4	1.1.3.15
H6RN14	1.1.3.15
A0A173WSB4	1.1.3.15
A0A174K9N2	1.1.3.15
A0A157QAU9	1.1.3.15
A0A157SVA4	1.1.3.15
A0A157LG89	1.1.3.15
A0A157S5W5	1.1.3.15
A0A0H4W4S4	1.1.3.15
A0A2X4MSF9	1.1.3.15
A0A131IES4	1.1.3.15
A9IQN3	1.1.3.15
A9IQM8	1.1.3.15
A0A0J6F111	1.1.3.15
Q3ZBW2	1.1.3.15
A0A1Y6KMB1	1.1.3.15
A4Z0V5	1.1.3.15
H0T9T4	1.1.3.15
H0TJ83	1.1.3.15
H0TLA1	1.1.3.15
H0SHM2	1.1.3.15
A4Z0U9	1.1.3.15
A5ECI0	1.1.3.15
H0SX51	1.1.3.15
H0SIB8	1.1.3.15
H0SX50	1.1.3.15
A0A1Y6KF81	1.1.3.15
A0A1Y6KSB0	1.1.3.15
A4YVE0	1.1.3.15
A0A1Y6KMB6	1.1.3.15
A5ECH8	1.1.3.15
H0TJ90	1.1.3.15
H0SLS5	1.1.3.15
A5EK29	1.1.3.15
A4Z0U8	1.1.3.15
H0T8W2	1.1.3.15
A0A2H1IK18	1.1.3.15
A0A2H1JFV0	1.1.3.15
A0A2H1IBU8	1.1.3.15
A0A2H1I5T4	1.1.3.15
A0A2H1IWD7	1.1.3.15
A0A2H1J3S6	1.1.3.15
A0A2H1ISP2	1.1.3.15
A0A2H1IBB3	1.1.3.15
A0A2H1I021	1.1.3.15
A0A2H1IGT2	1.1.3.15
A0A2H1JU53	1.1.3.15
A0A2H1JRP0	1.1.3.15
A0A2H1KXQ6	1.1.3.15
A0A2H1I149	1.1.3.15
A0A2H1J173	1.1.3.15
A0A2H1J8I0	1.1.3.15
A0A2H1ISP0	1.1.3.15
A0A2H1K9G7	1.1.3.15
A0A2H1JJR0	1.1.3.15
A0A2H1L7C3	1.1.3.15
A0A2H1L1B1	1.1.3.15
A0A2H1I324	1.1.3.15
A0A2H1JB92	1.1.3.15
A0A2H1JI11	1.1.3.15
A0A2H1IK69	1.1.3.15
A0A2H1IME8	1.1.3.15
A0A2H1I6U1	1.1.3.15
A0A1D7VZD8	1.1.3.15
D4YN11	1.1.3.15
A0A2H1HQD2	1.1.3.15
A0A2H1IYB7	1.1.3.15
A0A2H1JHV0	1.1.3.15
A0A2H1KZ78	1.1.3.15
A0A2H1JRC2	1.1.3.15
A0A1X6WUC8	1.1.3.15
A0A2X1AN19	1.1.3.15
A0A2X1B7J1	1.1.3.15
Q2YII5	1.1.3.15
Q8YB37	1.1.3.15
Q8YB40	1.1.3.15
Q8YI46	1.1.3.15
Q8YB39	1.1.3.15
A0A2X1CE48	1.1.3.15
A0A2X1CFX3	1.1.3.15
A0A2X1GRI6	1.1.3.15
A0A0B6RP43	1.1.3.15
A0A0B6RIG6	1.1.3.15
A0A0H3KGZ2	1.1.3.15
A0A0H3KCE3	1.1.3.15
A0A2X1DBU4	1.1.3.15
B9BCV8	1.1.3.15
A0A0H3KC56	1.1.3.15
Q3JNY7	1.1.3.15
A0A095S1N0	1.1.3.15
A0A0E1S6K3	1.1.3.15
B1HAT1	1.1.3.15
A0A0E1SGM3	1.1.3.15
A3NYZ8	1.1.3.15
A0A0E1SA20	1.1.3.15
A8EI27	1.1.3.15
Q3JNY8	1.1.3.15
Q3JQM9	1.1.3.15
Q3JHC3	1.1.3.15
A0A0E1UZZ2	1.1.3.15
A0A0E1W1E0	1.1.3.15
A0A1E7S220	1.1.3.15
A0A1E7RY84	1.1.3.15
A0A1E7RYN9	1.1.3.15
A0A1E7RZI3	1.1.3.15
A0A1E7S2T3	1.1.3.15
A0A151R600	1.1.3.15
A0A0R3JS23	1.1.3.15
A0A0R3K2G2	1.1.3.15
A0A2X4BD53	1.1.3.15
A0A2X3LLV9	1.1.3.15
M5IPU5	1.1.3.15
A0A011QCS6	1.1.3.15
A0A011MGF2	1.1.3.15
A0A011R8E6	1.1.3.15
A0A011QMR4	1.1.3.15
A0A011MFG6	1.1.3.15
A0A011PT91	1.1.3.15
A0A080LV49	1.1.3.15
A0A080M6P8	1.1.3.15
A0A1V6AQ83	1.1.3.15
A0A1V6AQ50	1.1.3.15
E6N7D7	1.1.3.15
E6N788	1.1.3.15
A0A0T5ZJ82	1.1.3.15
A0A0T5ZUA2	1.1.3.15
W8GFP9	1.1.3.15
A0A1V5YWB7	1.1.3.15
A0A284VRK6	1.1.3.15
D5MNA0	1.1.3.15
A0A0N7HBH8	1.1.3.15
A0A1Q9N8B0	1.1.3.15
A0A2P2E6G0	1.1.3.15
A0A2P2E750	1.1.3.15
A0A160SYH1	1.1.3.15
A0A0T6AJI7	1.1.3.15
A0A0T6AB85	1.1.3.15
A0A2N9LU54	1.1.3.15
A0A2U3KRK1	1.1.3.15
A0A2U3K0S2	1.1.3.15
A0A2N9N869	1.1.3.15
A0A2N9L5T0	1.1.3.15
F4BMG1	1.1.3.15
F4BR76	1.1.3.15
K1KWG0	1.1.3.15
A0A0F8B4A0	1.1.3.15
M7NB96	1.1.3.15
A0A0E9FU67	1.1.3.15
A0A0E9F1A3	1.1.3.15
A0A1V5WCW7	1.1.3.15
A0A1V6DFJ0	1.1.3.15
A0A1V5YK26	1.1.3.15
A0A1V5PNU2	1.1.3.15
A0A1S9CY77	1.1.3.15
A0A2K8DNH1	1.1.3.15
Q7NZM1	1.1.3.15
K9TUB7	1.1.3.15
A0A239X7S2	1.1.3.15
S0EYS9	1.1.3.15
A0A2U4DJI1	1.1.3.15
A0A2S4RVL1	1.1.3.15
A0A0F6TW70	1.1.3.15
A0A1R0FZB4	1.1.3.15
A0A1V8P005	1.1.3.15
A0A223JV39	1.1.3.15
A0A0P8IBV5	1.1.3.15
A0A2I8SAS6	1.1.3.15
A0A243TIQ9	1.1.3.15
A0A2L0TEV5	1.1.3.15
A0A241Q7V9	1.1.3.15
A0A023V347	1.1.3.15
A0A243U434	1.1.3.15
A0A2I8TPV8	1.1.3.15
A0A1C0PCQ9	1.1.3.15
A0A2S4QHB6	1.1.3.15
A0A220QD17	1.1.3.15
A0A0D7LP69	1.1.3.15
A0A0D7M5D2	1.1.3.15
A0A064DQU7	1.1.3.15
A0A2X2WNZ3	1.1.3.15
A0A078LKD3	1.1.3.15
A8ANL6	1.1.3.15
A0A0A1RXP1	1.1.3.15
A0A0J1LTH4	1.1.3.15
A0A0J1JYH8	1.1.3.15
A0A2N4V7J6	1.1.3.15
A0A1V4NUP2	1.1.3.15
A0A0J1L0T2	1.1.3.15
R8WWJ2	1.1.3.15
A0A0V9JX62	1.1.3.15
A0A205KT19	1.1.3.15
A0A090U7M7	1.1.3.15
A0A291CW82	1.1.3.15
D4BHH7	1.1.3.15
U5RS18	1.1.3.15
A0A174RCK8	1.1.3.15
A0A174RL33	1.1.3.15
A0A174SVD5	1.1.3.15
A0A1S8PF74	1.1.3.15
A0A1S8QKR4	1.1.3.15
A0A1S8PPS0	1.1.3.15
A0A1S8S6B4	1.1.3.15
A0A1S8RU89	1.1.3.15
A0A1S8SAU8	1.1.3.15
A0A1V4IN81	1.1.3.15
A0A240AHF9	1.1.3.15
A0A2X2Y959	1.1.3.15
A0A239ZPU5	1.1.3.15
A0A240AYW4	1.1.3.15
A0A151APF0	1.1.3.15
A0A151APG5	1.1.3.15
A0A166TBE4	1.1.3.15
A0A173W6R9	1.1.3.15
A0A174CF58	1.1.3.15
A0A1S8LFP0	1.1.3.15
A0A0L6Z980	1.1.3.15
A0A0L6Z6D8	1.1.3.15
A0A1V4SM41	1.1.3.15
A0A174ZZA5	1.1.3.15
A0A166S056	1.1.3.15
A0A2T0BGU4	1.1.3.15
A0A2T0BMB6	1.1.3.15
A0A161Y585	1.1.3.15
A0A162QD80	1.1.3.15
A0A162T6A2	1.1.3.15
A0A2X4RVY0	1.1.3.15
A0A2X4RVR0	1.1.3.15
A0A2X4DRG9	1.1.3.15
A0A2X4DSF0	1.1.3.15
A0A2X2V9U4	1.1.3.15
A0A1S8TH47	1.1.3.15
A0A1A6AJ37	1.1.3.15
A0A1S8KX09	1.1.3.15
A0A1S8MYT6	1.1.3.15
M1MT52	1.1.3.15
A0A0U5P4V4	1.1.3.15
A0A0U5NX37	1.1.3.15
A0A0F0C861	1.1.3.15
A0A0F0CCR9	1.1.3.15
A0A0U5PE87	1.1.3.15
A0A1S8TT63	1.1.3.15
A0A0U5JSS4	1.1.3.15
A0A0F0C8R9	1.1.3.15
G7M0E1	1.1.3.15
A0A0U5P358	1.1.3.15
A0A2X3BFQ4	1.1.3.15
A0A174E057	1.1.3.15
A0A151B4W3	1.1.3.15
A0A151B2B9	1.1.3.15
Q896M6	1.1.3.15
A0A2X3AWQ6	1.1.3.15
A0A2X3AZX8	1.1.3.15
A0A2X3B7U6	1.1.3.15
A0A2X3BCU2	1.1.3.15
A0A1V4SMB9	1.1.3.15
A0A2T0AZ09	1.1.3.15
A0A2T0ARZ7	1.1.3.15
A0A173XN47	1.1.3.15
A0A2X2FYC6	1.1.3.15
A0A2T0BFF9	1.1.3.15
G0AHZ1	1.1.3.15
G0AHZ0	1.1.3.15
G0AHZ2	1.1.3.15
A0A174G332	1.1.3.15
D4J7S8	1.1.3.15
D4J5N3	1.1.3.15
A0A174JHS2	1.1.3.15
A0A173QVV1	1.1.3.15
A0A173YWB0	1.1.3.15
X5EDE2	1.1.3.15
A0A0X2NRB5	1.1.3.15
A0A1R4H2M8	1.1.3.15
Q39640	1.1.3.15
Q1LMF7	1.1.3.15
Q1LQ51	1.1.3.15
Q1LJ75	1.1.3.15
Q0K749	1.1.3.15
A0A1K0J1E4	1.1.3.15
G0EVT6	1.1.3.15
G0EVT7	1.1.3.15
Q0KC24	1.1.3.15
Q0K752	1.1.3.15
Q46UI1	1.1.3.15
G0EVT4	1.1.3.15
G0ESW4	1.1.3.15
G0ERK7	1.1.3.15
G0ES38	1.1.3.15
Q0K750	1.1.3.15
B3R6H2	1.1.3.15
B3R6H5	1.1.3.15
C9Y717	1.1.3.15
C9Y9E7	1.1.3.15
C9Y718	1.1.3.15
A0A1Y0N327	1.1.3.15
G4CXE1	1.1.3.15
A0A2K8WQE3	1.1.3.15
A0A2P1M9I7	1.1.3.15
S7WFA4	1.1.3.15
D3PDY4	1.1.3.15
D3PDY5	1.1.3.15
Q1IWN3	1.1.3.15
A0A080NFB1	1.1.3.15
F6AVX6	1.1.3.15
A0A1V5H2F9	1.1.3.15
A0A0T6ADC9	1.1.3.15
F5SJF4	1.1.3.15
F5SJF1	1.1.3.15
F5SJF5	1.1.3.15
F5SJF3	1.1.3.15
A0A1W1HKR5	1.1.3.15
C0QK91	1.1.3.15
C0QCR3	1.1.3.15
C0QKR7	1.1.3.15
C0QJA3	1.1.3.15
K0NHF1	1.1.3.15
A0A0J1FVG5	1.1.3.15
S0FYJ5	1.1.3.15
S0G7W3	1.1.3.15
S0FWI7	1.1.3.15
S0FVM6	1.1.3.15
S0FZZ2	1.1.3.15
F6CI10	1.1.3.15
F6B8U7	1.1.3.15
Q314U5	1.1.3.15
G7Q5T8	1.1.3.15
A0A143BAP0	1.1.3.15
A0A024KJM9	1.1.3.15
A0A085FLP7	1.1.3.15
A0A0K0TUB1	1.1.3.15
Q54E41	1.1.3.15
A0A2H3FMJ4	1.1.3.15
A0A174I9R3	1.1.3.15
A0A173UTZ9	1.1.3.15
A0A174PMH5	1.1.3.15
D8LSB4	1.1.3.15
D8LDI6	1.1.3.15
D7FMI7	1.1.3.15
A0A1E3A8G4	1.1.3.15
A0A1E3A7D7	1.1.3.15
A0A1V5VKA3	1.1.3.15
A0A2S9XRW6	1.1.3.15
A0A2S9XS76	1.1.3.15
A0A157T7I3	1.1.3.15
A0A157WRT5	1.1.3.15
A0A156A822	1.1.3.15
A0A157V574	1.1.3.15
E3G4Z8	1.1.3.15
A0A267REG3	1.1.3.15
A0A0J0IQF0	1.1.3.15
A0A2T3BZ53	1.1.3.15
A0A0C5WDC9	1.1.3.15
E5YJ45	1.1.3.15
A0A2S0VCL8	1.1.3.15
L0M7M1	1.1.3.15
A0A1A7T4K6	1.1.3.15
A0A2X1LSR9	1.1.3.15
A0A0P7Z009	1.1.3.15
A0A2T3RPU7	1.1.3.15
A0A2S6P9Y1	1.1.3.15
W0AYF0	1.1.3.15
A0A1X3JR76	1.1.3.15
B1EGB1	1.1.3.15
P37339	1.1.3.15
A0A2X7WZ73	1.1.3.15
A0A143DZ31	1.1.3.15
A0A0J8VZY6	1.1.3.15
C3SYH2	1.1.3.15
A0A027U7R6	1.1.3.15
E1JCE8	1.1.3.15
A0A026V971	1.1.3.15
F4TJD1	1.1.3.15
A0A080INM6	1.1.3.15
A0A2Y0XCR7	1.1.3.15
A0A163HQB6	1.1.3.15
V6FUS6	1.1.3.15
L3P4A5	1.1.3.15
A0A1X3IIR9	1.1.3.15
A0A2Y0ZPX2	1.1.3.15
A0A0J2BBE2	1.1.3.15
A0A2X7W5C2	1.1.3.15
A0A2X5HJV0	1.1.3.15
A0A2X6LBD3	1.1.3.15
A0A0L6ZXC9	1.1.3.15
I2SNE0	1.1.3.15
E0J5N9	1.1.3.15
W1WV69	1.1.3.15
A0A0E0U267	1.1.3.15
A0A073H8R8	1.1.3.15
A0A192CAJ5	1.1.3.15
A0A073UUG5	1.1.3.15
A0A0A8UI60	1.1.3.15
A0A0F6FB25	1.1.3.15
I2WUP1	1.1.3.15
A0A0L1C2J3	1.1.3.15
A0A2I6JXT3	1.1.3.15
A0A2I5SRX9	1.1.3.15
A0A2I6F2V5	1.1.3.15
A0A1M2U4X2	1.1.3.15
A0A271UE38	1.1.3.15
K4XG77	1.1.3.15
T9S834	1.1.3.15
A0A1X3IWC2	1.1.3.15
D6JE00	1.1.3.15
A0A2G8ZZL9	1.1.3.15
W8SXD6	1.1.3.15
J7Q9M2	1.1.3.15
A0A090JQ48	1.1.3.15
A0A0B1KZU5	1.1.3.15
W1FB99	1.1.3.15
W9AIT9	1.1.3.15
U9Y847	1.1.3.15
A0A029IM56	1.1.3.15
E9YT76	1.1.3.15
A0A028ECX4	1.1.3.15
T6H2K9	1.1.3.15
A0A2X6BNK1	1.1.3.15
A0A0K5MIV8	1.1.3.15
C8UEL8	1.1.3.15
A0A2X9ZHE1	1.1.3.15
A0A2Y0Y9F4	1.1.3.15
A0A2Y0EW81	1.1.3.15
S0YLP1	1.1.3.15
H4UMR9	1.1.3.15
A0A140N9D4	1.1.3.15
A0A1X3JCP4	1.1.3.15
V0ZP67	1.1.3.15
A0A0F6C7Y3	1.1.3.15
T6M4V7	1.1.3.15
S1CR89	1.1.3.15
A0A2Y8KDX9	1.1.3.15
C8U993	1.1.3.15
A0A1Y2XR62	1.1.3.15
F4NHG4	1.1.3.15
G0F3P8	1.1.3.15
A0A0E0V9N1	1.1.3.15
A0A0D8WE46	1.1.3.15
V0X6E1	1.1.3.15
I2RYZ9	1.1.3.15
V0UTT8	1.1.3.15
D7XZF5	1.1.3.15
S1PSB8	1.1.3.15
S0XXZ5	1.1.3.15
A0A1X3LEW4	1.1.3.15
I2R9X6	1.1.3.15
U9ZK98	1.1.3.15
Q1R723	1.1.3.15
D7X825	1.1.3.15
A0A025CWD0	1.1.3.15
A0A2X6DW95	1.1.3.15
A0A2X7Y4X9	1.1.3.15
A0A2X7T9G2	1.1.3.15
A0A2Y8K0P6	1.1.3.15
A0A140RFH0	1.1.3.15
A0A0K4BF87	1.1.3.15
B6I651	1.1.3.15
D7Z9V6	1.1.3.15
L4J3R4	1.1.3.15
F4V6F7	1.1.3.15
A0A0B1BKX2	1.1.3.15
A0A0A1A8N4	1.1.3.15
A0A0A0FIX9	1.1.3.15
V2R7J5	1.1.3.15
B1LPD3	1.1.3.15
B7N6P4	1.1.3.15
E9TB27	1.1.3.15
A0A2D0NUD0	1.1.3.15
U9YE48	1.1.3.15
A0A023Z1F3	1.1.3.15
M9G390	1.1.3.15
S1HCL7	1.1.3.15
W1HA79	1.1.3.15
K4UYH4	1.1.3.15
D7XUN5	1.1.3.15
F4VIN9	1.1.3.15
A0A1X3KYR6	1.1.3.15
A0A2X2XMT3	1.1.3.15
C3SYH5	1.1.3.15
A7ZQ91	1.1.3.15
H4IEN1	1.1.3.15
A0A0X5EQR7	1.1.3.15
I4T3P9	1.1.3.15
V8FE20	1.1.3.15
B7UH79	1.1.3.15
A0A028A533	1.1.3.15
U9ZVC7	1.1.3.15
I0VTU9	1.1.3.15
D8AGJ5	1.1.3.15
A0A2T1LGI3	1.1.3.15
A0A2X7I455	1.1.3.15
A0A0Q3HX61	1.1.3.15
A0A0H2Z1W3	1.1.3.15
I2UF32	1.1.3.15
A0A2X6ZNL3	1.1.3.15
A0A0K3PMF3	1.1.3.15
A0A179Q4S9	1.1.3.15
A0A125WZQ3	1.1.3.15
S1HZF2	1.1.3.15
A0A192CBF8	1.1.3.15
A0A080FVH2	1.1.3.15
A0A0H3EK26	1.1.3.15
A0A024KQQ4	1.1.3.15
A0A0G3K8M6	1.1.3.15
L3Q278	1.1.3.15
A0A2X6DF49	1.1.3.15
J7R7X0	1.1.3.15
F4T3U0	1.1.3.15
A0A1M0CYR4	1.1.3.15
A0A234V5V6	1.1.3.15
A0A222QPD0	1.1.3.15
A0A0E2TGC1	1.1.3.15
I2XAR0	1.1.3.15
A0A1X3LR98	1.1.3.15
A0A029HPC8	1.1.3.15
A0A2T3S5Z0	1.1.3.15
A0A2X5U367	1.1.3.15
A0A2X7SJV4	1.1.3.15
A0A1D3KHJ3	1.1.3.15
A0A1Q6B741	1.1.3.15
A0A193LVU7	1.1.3.15
A0A1M2G9G8	1.1.3.15
A0A244ABR1	1.1.3.15
A0A1Q4PK27	1.1.3.15
E3XK67	1.1.3.15
A0A1Q5ZQN2	1.1.3.15
A0A066T3I8	1.1.3.15
A0A2X5KYY8	1.1.3.15
A0A0D0LS41	1.1.3.15
A0A1X3I1A9	1.1.3.15
F4SNC3	1.1.3.15
A0A2X1KBM5	1.1.3.15
A0A2X6K613	1.1.3.15
A0A1S6TED6	1.1.3.15
A0A0E2L0Q1	1.1.3.15
V0SRL1	1.1.3.15
D6IC93	1.1.3.15
H4KKI8	1.1.3.15
V8KFX9	1.1.3.15
A0A073FRK3	1.1.3.15
A0A1X3K4W7	1.1.3.15
D6HZX5	1.1.3.15
I2WFU7	1.1.3.15
A0A2T3TM81	1.1.3.15
A0A2Y0HI52	1.1.3.15
A0A2X5QP97	1.1.3.15
A0A0K3JFD1	1.1.3.15
A0A2J1CD10	1.1.3.15
A0A2S1VP31	1.1.3.15
L3C3U3	1.1.3.15
S0VN32	1.1.3.15
A0A0K5Z1P8	1.1.3.15
W1FZV6	1.1.3.15
T9A731	1.1.3.15
A0A074HRI2	1.1.3.15
A0A069XGS7	1.1.3.15
A0A070FNN1	1.1.3.15
L4V8U9	1.1.3.15
H4LFP4	1.1.3.15
A0A1Z3V0K8	1.1.3.15
A0A2X3L1Y9	1.1.3.15
A0A2Y8Q6H4	1.1.3.15
A0A2X1NHT5	1.1.3.15
A0A1E5WZ24	1.1.3.15
A0A1C7CNH8	1.1.3.15
A0A271R3H9	1.1.3.15
A0A2A7M5R4	1.1.3.15
A0A2X7T7A7	1.1.3.15
A0A192ES65	1.1.3.15
A0A0K9THB5	1.1.3.15
A0A0H3JJM3	1.1.3.15
D3QPL1	1.1.3.15
A0A070SSH5	1.1.3.15
A0A192CCC7	1.1.3.15
E3PH30	1.1.3.15
A0A0E0XYZ8	1.1.3.15
A0A2X3K5J5	1.1.3.15
A0A2X6T5Y6	1.1.3.15
A0A2X5CTJ6	1.1.3.15
A0A0K4DLS2	1.1.3.15
T9CV12	1.1.3.15
A0A0E1M0K0	1.1.3.15
A0A0F3VBM6	1.1.3.15
A0A0L6Y4N7	1.1.3.15
E1IQ87	1.1.3.15
S1HMM4	1.1.3.15
A0A1X3KGH0	1.1.3.15
A0A2S7SGF6	1.1.3.15
F0JSX3	1.1.3.15
B7LT10	1.1.3.15
A0A2T3BIV2	1.1.3.15
S1M293	1.1.3.15
S0U1R3	1.1.3.15
S1C2P4	1.1.3.15
A0A2T3UAD3	1.1.3.15
S0WG00	1.1.3.15
A0A143XRU8	1.1.3.15
A0A173SH13	1.1.3.15
A0A173TMC2	1.1.3.15
A0A174I4P0	1.1.3.15
A0A174BFA4	1.1.3.15
A0A174H7H3	1.1.3.15
A0A140L8U4	1.1.3.15
A0A1V5U2Y5	1.1.3.15
A0A1V6FHV9	1.1.3.15
A0A1V5M856	1.1.3.15
A0A1V6EEL1	1.1.3.15
A0A1V5TUV4	1.1.3.15
A0A1V5Y8S9	1.1.3.15
A0A1V5J370	1.1.3.15
A0A1Z5JJ59	1.1.3.15
A0A1J0LPE9	1.1.3.15
H8XPH1	1.1.3.15
A0A076P3J3	1.1.3.15
A6GX56	1.1.3.15
A0A174VLJ4	1.1.3.15
A0A174MZF4	1.1.3.15
A0A174GK19	1.1.3.15
A0A174LQ47	1.1.3.15
A0A174PZ29	1.1.3.15
A0A0W0S1D2	1.1.3.15
A0A0W0T515	1.1.3.15
A0A0W0T9X1	1.1.3.15
A0A0W0U3G7	1.1.3.15
A0A0W0U422	1.1.3.15
E3IU20	1.1.3.15
A0A166S3R1	1.1.3.15
A0A062WW27	1.1.3.15
W9D4X9	1.1.3.15
A0A0D8BAE7	1.1.3.15
A0A2I2KIL2	1.1.3.15
A0A0D8B9B7	1.1.3.15
A0A2I2KQT5	1.1.3.15
A0A0D8BLL9	1.1.3.15
A0A1P8WJE7	1.1.3.15
A0A174XQN2	1.1.3.15
A0A2X3K0X4	1.1.3.15
Q8RIN5	1.1.3.15
Q7P867	1.1.3.15
A5TRL7	1.1.3.15
D5REL4	1.1.3.15
M2Y0E7	1.1.3.15
M2Y7P8	1.1.3.15
M2W7F2	1.1.3.15
M2WRR8	1.1.3.15
A0A142XKF1	1.1.3.15
C1A4Y0	1.1.3.15
Q5KYD8	1.1.3.15
Q5KYD7	1.1.3.15
Q5KZS1	1.1.3.15
Q5KZR9	1.1.3.15
S7SUG9	1.1.3.15
A0A0G3XUD0	1.1.3.15
S7U115	1.1.3.15
S7SU43	1.1.3.15
A0A150MX23	1.1.3.15
S7SZ03	1.1.3.15
D2S4B7	1.1.3.15
A0A0F7IHH0	1.1.3.15
U5QF75	1.1.3.15
A0A1J0A9L6	1.1.3.15
A0A0B2SP87	1.1.3.15
A0A222TK96	1.1.3.15
A0A1L3RIS1	1.1.3.15
A0A1L3RYG4	1.1.3.15
A0A1L3RBN6	1.1.3.15
A0A1L3RIY0	1.1.3.15
W6I4V4	1.1.3.15
Q0BSS4	1.1.3.15
Q0BSS5	1.1.3.15
A0A1L3RHX1	1.1.3.15
W6I5R7	1.1.3.15
W6I4G8	1.1.3.15
A0A1L3RAI9	1.1.3.15
A0A128F2A1	1.1.3.15
A0A128F136	1.1.3.15
A0A1R4GSH3	1.1.3.15
G9Y0V0	1.1.3.15
A0A085GN98	1.1.3.15
A0A097R648	1.1.3.15
A0A2A2MDQ7	1.1.3.15
A0A0F7PEF6	1.1.3.15
I0JRU5	1.1.3.15
I0JRU6	1.1.3.15
A0A109UKV5	1.1.3.15
A0A1B8P6N4	1.1.3.15
A0A1B8P6F6	1.1.3.15
A0A1R4HXS9	1.1.3.15
A0A101D3B1	1.1.3.15
A0A0P7ZBN5	1.1.3.15
F7PU87	1.1.3.15
A0A2G9GFJ3	1.1.3.15
A0A2C9DEF1	1.1.3.15
Q17XF0	1.1.3.15
A0A0K2Y0I2	1.1.3.15
A0A0K2Y6W6	1.1.3.15
A0A0K2X9Y9	1.1.3.15
A0A0K2XCH6	1.1.3.15
H5VDZ6	1.1.3.15
H5VAZ0	1.1.3.15
F8KPZ0	1.1.3.15
I7H604	1.1.3.15
A0A2X3B4W9	1.1.3.15
T1DVD0	1.1.3.15
A0A0K2XRH9	1.1.3.15
A0A0K2XUN8	1.1.3.15
A0A0K2YE40	1.1.3.15
Q7VHU4	1.1.3.15
J0NY54	1.1.3.15
J0LV76	1.1.3.15
J0CJ25	1.1.3.15
V5NMY9	1.1.3.15
I9QC67	1.1.3.15
J0NQ35	1.1.3.15
I9SY86	1.1.3.15
I9SN73	1.1.3.15
I9VJ91	1.1.3.15
J0AF82	1.1.3.15
I9ZW66	1.1.3.15
J0K1I9	1.1.3.15
J0N9A2	1.1.3.15
I9YBY4	1.1.3.15
J0QF80	1.1.3.15
J0C7Q0	1.1.3.15
J0BT75	1.1.3.15
I9TFH2	1.1.3.15
J0QQU2	1.1.3.15
J0K0H0	1.1.3.15
A0A238GUT4	1.1.3.15
J0Q1Y2	1.1.3.15
Q1CV18	1.1.3.15
I9XDF2	1.1.3.15
J0ABA9	1.1.3.15
E1S804	1.1.3.15
A0A238GTL6	1.1.3.15
I9ZFV5	1.1.3.15
D7FFM6	1.1.3.15
I9SW61	1.1.3.15
J0NGH8	1.1.3.15
J0N6S8	1.1.3.15
I9YRU8	1.1.3.15
I9VIR9	1.1.3.15
J0AIG3	1.1.3.15
J0FCM7	1.1.3.15
I9QXN7	1.1.3.15
J0T775	1.1.3.15
J0T3Q0	1.1.3.15
J0AKV7	1.1.3.15
I9Z6T9	1.1.3.15
J0I969	1.1.3.15
J0I449	1.1.3.15
J0JI36	1.1.3.15
J0MTC9	1.1.3.15
I9QLS9	1.1.3.15
J0INP2	1.1.3.15
J0A799	1.1.3.15
D7FDJ3	1.1.3.15
I9X7P1	1.1.3.15
I9THB2	1.1.3.15
J0AM02	1.1.3.15
J0MA07	1.1.3.15
J0HVI6	1.1.3.15
J0B9A4	1.1.3.15
J0IGI0	1.1.3.15
J0JPM0	1.1.3.15
I9WXT2	1.1.3.15
J0IR62	1.1.3.15
J0MQ57	1.1.3.15
J0KRB8	1.1.3.15
J0HUJ5	1.1.3.15
J0PDY3	1.1.3.15
J0UJF0	1.1.3.15
I9YPI2	1.1.3.15
I9VVE0	1.1.3.15
I9SAM5	1.1.3.15
A0A099UFT4	1.1.3.15
D8IRW1	1.1.3.15
D8IRW2	1.1.3.15
D8IRW0	1.1.3.15
A9AUI7	1.1.3.15
A0A0F7PKD8	1.1.3.15
A0A0F7PF49	1.1.3.15
Q9UJM8	1.1.3.15
Q9NYQ3	1.1.3.15
A0A174M3S1	1.1.3.15
A0A174X7R8	1.1.3.15
A0A218PV79	1.1.3.15
A0A218PVF7	1.1.3.15
A0A1V5THA4	1.1.3.15
S2DJ52	1.1.3.15
E6SCX5	1.1.3.15
B7PME7	1.1.3.15
B7PPE8	1.1.3.15
B7P3F0	1.1.3.15
W0UZR8	1.1.3.15
L9PP95	1.1.3.15
A0A1A7C443	1.1.3.15
A6SUS8	1.1.3.15
L9PRB1	1.1.3.15
A0A1E7W193	1.1.3.15
A6SUT0	1.1.3.15
L9PP51	1.1.3.15
A0A1W6P1B6	1.1.3.15
A0A0K3BGV1	1.1.3.15
A0A0H3FPE5	1.1.3.15
A0A0M3H706	1.1.3.15
A0A0J2GHS7	1.1.3.15
A0A168NML8	1.1.3.15
A0A181WTM3	1.1.3.15
A0A170GY40	1.1.3.15
W1AXB1	1.1.3.15
A0A0J4XWM8	1.1.3.15
W1ELX2	1.1.3.15
V0AYW5	1.1.3.15
A0A0E1CJ25	1.1.3.15
W1AS28	1.1.3.15
A0A263JXB3	1.1.3.15
W9BE77	1.1.3.15
A0A2X3CS23	1.1.3.15
A0A231WIL8	1.1.3.15
A0A2J5QKD0	1.1.3.15
W8VHY5	1.1.3.15
A0A0H3GN47	1.1.3.15
A0A0C7K920	1.1.3.15
A0A2X3FM75	1.1.3.15
A0A1W1KHW1	1.1.3.15
A0A1S8Y6J6	1.1.3.15
J2XB85	1.1.3.15
B5Y1D3	1.1.3.15
A0A1Y0Q3R6	1.1.3.15
A0A2L1C306	1.1.3.15
A6T539	1.1.3.15
A0A2J3D8B5	1.1.3.15
A0A2N4VVY3	1.1.3.15
A0A2A5MK91	1.1.3.15
A0A2P6GXL3	1.1.3.15
A0A223UFM3	1.1.3.15
A0A2N4Z2T3	1.1.3.15
A0A288TQZ9	1.1.3.15
A0A0B7GBH8	1.1.3.15
A0A2J6XQM3	1.1.3.15
D2PUB9	1.1.3.15
D2PT03	1.1.3.15
D6U4K8	1.1.3.15
Q1PW53	1.1.3.15
W5VYK6	1.1.3.15
A0A0M6Y1Z2	1.1.3.15
A0A0M6YSN7	1.1.3.15
A0A0M6ZB63	1.1.3.15
A0A0M6YRI1	1.1.3.15
A0A0M7A909	1.1.3.15
Q5FIR1	1.1.3.15
C0WMC7	1.1.3.15
K0MXH5	1.1.3.15
K0N938	1.1.3.15
G6CCJ7	1.1.3.15
A0A1X7QKB2	1.1.3.15
F0HWF2	1.1.3.15
G6F8W6	1.1.3.15
A0A061C6C0	1.1.3.15
K0NUR1	1.1.3.15
I7K0M2	1.1.3.15
U6FH10	1.1.3.15
A0A2X0PI23	1.1.3.15
U6FAS7	1.1.3.15
U6FL28	1.1.3.15
C0XIJ3	1.1.3.15
C4VMW0	1.1.3.15
C2E451	1.1.3.15
C2FBH3	1.1.3.15
I7IZ16	1.1.3.15
M4KHX7	1.1.3.15
A0A0G9FC07	1.1.3.15
F9UTP6	1.1.3.15
A0A2S3U744	1.1.3.15
A0A2Y8ZL50	1.1.3.15
A0A2Y8ZEV3	1.1.3.15
A0A2Y8ZG02	1.1.3.15
C2JYX2	1.1.3.15
C2K1F0	1.1.3.15
C2EPE3	1.1.3.15
C2ENE9	1.1.3.15
G6FBF9	1.1.3.15
Q9CG58	1.1.3.15
A0A292YDW0	1.1.3.15
A0A2X1R8U8	1.1.3.15
A0A2S4WWV1	1.1.3.15
A0A2I8NYT9	1.1.3.15
A0A0W0RBD6	1.1.3.15
A0A0W0SNC9	1.1.3.15
A0A0W0SGJ0	1.1.3.15
A0A0W0SKN3	1.1.3.15
A0A0W0SNN1	1.1.3.15
A0A098G587	1.1.3.15
A0A0W0TN02	1.1.3.15
A0A0W0UHE4	1.1.3.15
A0A0W0VL21	1.1.3.15
D3HLE1	1.1.3.15
A0A0W0VV04	1.1.3.15
A0A0W0WNB8	1.1.3.15
A0A0W0X126	1.1.3.15
A0A0W0Y368	1.1.3.15
A0A0W0Y0Z9	1.1.3.15
A0A0W0YSA4	1.1.3.15
A0A0W0YDP5	1.1.3.15
A0A0W0YVK2	1.1.3.15
A0A0W0YYP4	1.1.3.15
A0A0W0ZF37	1.1.3.15
A0A2X4UW84	1.1.3.15
A0A1V6FDQ6	1.1.3.15
A0A1V5V7S7	1.1.3.15
A0A120MWB8	1.1.3.15
A0A1R4HQB4	1.1.3.15
A0A0P0M9L6	1.1.3.15
A0A0P0MGF7	1.1.3.15
R7ZZ67	1.1.3.15
A0A1R4K6U2	1.1.3.15
B1HZY7	1.1.3.15
W6K749	1.1.3.15
W6K7A3	1.1.3.15
A0A087RXW1	1.1.3.15
A0A0P8BJR7	1.1.3.15
A0A1W6K7Y1	1.1.3.15
A0A0J7JD82	1.1.3.15
A0A0J7JDW3	1.1.3.15
A0A081G1I2	1.1.3.15
A0A1C3JTM6	1.1.3.15
A0A1A8TT26	1.1.3.15
A0A2K8L4N0	1.1.3.15
A0A1L8CNE4	1.1.3.15
P93260	1.1.3.15
Q98DF1	1.1.3.15
M5F9A9	1.1.3.15
A0A0K2VV82	1.1.3.15
A0A090FKU8	1.1.3.15
A0A090GR93	1.1.3.15
A0A090E2C2	1.1.3.15
M5FIH9	1.1.3.15
F0TBY7	1.1.3.15
U6EB70	1.1.3.15
Q0W3T1	1.1.3.15
Q0W2Q0	1.1.3.15
H8I743	1.1.3.15
M9SFA6	1.1.3.15
Q8PXD0	1.1.3.15
A2SM04	1.1.3.15
A2SM02	1.1.3.15
A2SED4	1.1.3.15
A2SED2	1.1.3.15
A2SM03	1.1.3.15
A0A2N9AX38	1.1.3.15
C5AVF5	1.1.3.15
A0A089QDS0	1.1.3.15
V5BD74	1.1.3.15
A0A1E2S2M6	1.1.3.15
G4T075	1.1.3.15
A0A0F0KUX6	1.1.3.15
A0A0M2HQX0	1.1.3.15
A0A0M2H872	1.1.3.15
A0A0M2HFS4	1.1.3.15
I4FPB3	1.1.3.15
I4GYC0	1.1.3.15
I4HK74	1.1.3.15
I4HNA6	1.1.3.15
I4IWL2	1.1.3.15
I4GF15	1.1.3.15
I4G7M6	1.1.3.15
L7E3G5	1.1.3.15
I4IBN0	1.1.3.15
I0L4Y9	1.1.3.15
I4EZV3	1.1.3.15
A0A137SA38	1.1.3.15
Q9WU19	1.1.3.15
Q9NYQ2	1.1.3.15
X8B5I2	1.1.3.15
A0A0N9YJI4	1.1.3.15
A4T1S5	1.1.3.15
X8CCW7	1.1.3.15
A0A1V3WKI5	1.1.3.15
A0A1V3WJ80	1.1.3.15
X7YFF3	1.1.3.15
X7YWP4	1.1.3.15
A0A0D6H816	1.1.3.15
A1UBM5	1.1.3.15
A0A0A1FVZ7	1.1.3.15
A0A0T9M427	1.1.3.15
A1T4N1	1.1.3.15
A0A1N3VNT8	1.1.3.15
A0A1M8SJM0	1.1.3.15
A0A1N4G5K4	1.1.3.15
A0A0J6WNW6	1.1.3.15
A0A0J6Y3T5	1.1.3.15
A0A0J6V898	1.1.3.15
A0A0J6YH39	1.1.3.15
A0A0J6W3A3	1.1.3.15
G4HQU0	1.1.3.15
G4HXB4	1.1.3.15
A0A0L1IK85	1.1.3.15
C8X9C2	1.1.3.15
G4CKD2	1.1.3.15
G4CHB5	1.1.3.15
B0XXH6	1.1.3.15
O82077	1.1.3.15
A6Q1U6	1.1.3.15
A0A063Y722	1.1.3.15
Q3SUS3	1.1.3.15
Q82WJ9	1.1.3.15
Q82WK0	1.1.3.15
Q82T12	1.1.3.15
Q82WE3	1.1.3.15
A0A109CTG5	1.1.3.15
A0A231GW67	1.1.3.15
A0A0H5P0S5	1.1.3.15
A0A1I9Z5Z3	1.1.3.15
A0A1I9ZHD8	1.1.3.15
A1SDE0	1.1.3.15
A0A1R3UNU7	1.1.3.15
Q7WZ90	1.1.3.15
A0A1M4ERA4	1.1.3.15
B2J901	1.1.3.15
K9QIX1	1.1.3.15
A0A2R5FH61	1.1.3.15
A0A1B7KJW3	1.1.3.15
A0A1Y5TC79	1.1.3.15
A0A2P9HBE8	1.1.3.15
A0A2X1VHG2	1.1.3.15
C2KX57	1.1.3.15
Q8H3I4	1.1.3.15
B8B7C5	1.1.3.15
Q6YT73	1.1.3.15
Q01KC2	1.1.3.15
Q7XPR4	1.1.3.15
B8AKX6	1.1.3.15
Q10CE4	1.1.3.15
B8AUI3	1.1.3.15
Q7FAS1	1.1.3.15
A0A2W0CE60	1.1.3.15
A0A2W0C1R2	1.1.3.15
A0A0C7QQ06	1.1.3.15
M7MTF7	1.1.3.15
A0A1U7CQ63	1.1.3.15
A0A0G4JIC2	1.1.3.15
A0A239SNS1	1.1.3.15
A0A0P0R820	1.1.3.15
A0A0P0RIU5	1.1.3.15
A0A0P0RP68	1.1.3.15
E5AM76	1.1.3.15
E5AM75	1.1.3.15
E5AM74	1.1.3.15
Q145G9	1.1.3.15
Q145G8	1.1.3.15
Q13YT9	1.1.3.15
Q145H0	1.1.3.15
S5YW07	1.1.3.15
A1BC61	1.1.3.15
A0A150N3S1	1.1.3.15
K6XRR8	1.1.3.15
H0E0N2	1.1.3.15
E0VFS2	1.1.3.15
A0A1P8USU1	1.1.3.15
Q4FNZ1	1.1.3.15
Q4FNZ0	1.1.3.15
Q4FNZ2	1.1.3.15
A0A075KIL9	1.1.3.15
A0A1V4W2Z2	1.1.3.15
A0A1V5BQ92	1.1.3.15
A0A1V4VEM6	1.1.3.15
G4D1T0	1.1.3.15
V9WB78	1.1.3.15
B7FUG8	1.1.3.15
B7G7W1	1.1.3.15
A0A090QLU0	1.1.3.15
A0A1C0U3C0	1.1.3.15
Q6L2S0	1.1.3.15
Q6L072	1.1.3.15
Q6L2S1	1.1.3.15
A0A142WRZ4	1.1.3.15
A0A142YAP2	1.1.3.15
A0A073CBY9	1.1.3.15
A0A073CPZ1	1.1.3.15
A0A1J1JNB7	1.1.3.15
A0A1J1L5E6	1.1.3.15
A0A1J1LU26	1.1.3.15
A0A251ZKX1	1.1.3.15
A0A1S2B7Y1	1.1.3.15
A0A2C5WLX1	1.1.3.15
A0A1Y4XA05	1.1.3.15
A0A0J5M398	1.1.3.15
A0A0E3V1E7	1.1.3.15
A0A0C1P707	1.1.3.15
A0A0C1NL19	1.1.3.15
A0A0C1L853	1.1.3.15
A2C7I8	1.1.3.15
A2CCV2	1.1.3.15
A0A0A1ZY49	1.1.3.15
Q7V4L1	1.1.3.15
Q7V678	1.1.3.15
Q46IL6	1.1.3.15
A0A1B7JFA7	1.1.3.15
A0A2X2C3V6	1.1.3.15
A0A2X2D7G3	1.1.3.15
A0A2X2A4L9	1.1.3.15
A0A2X2AAS8	1.1.3.15
A0A2X2BD62	1.1.3.15
A0A024GXF2	1.1.3.15
Q15TJ7	1.1.3.15
A0A2K9JT18	1.1.3.15
A0A2T6I904	1.1.3.15
A0A2C8F5S9	1.1.3.15
A0A2X2BEZ7	1.1.3.15
A0A2X1YQ98	1.1.3.15
A0A2X2CIZ9	1.1.3.15
A0A2X3FA95	1.1.3.15
A0A2X3HQF6	1.1.3.15
A0A0D6I3R9	1.1.3.15
A0A2X1YW97	1.1.3.15
A0A0U3IJJ5	1.1.3.15
A0A2X5QI91	1.1.3.15
A0A1J0J3H4	1.1.3.15
A0A2X2E4H0	1.1.3.15
A0A2X2DEH4	1.1.3.15
A0A2X3HZW0	1.1.3.15
A0A2X5S4P6	1.1.3.15
A0A2X2CT13	1.1.3.15
A0A2X2B0G3	1.1.3.15
A0A193SGR8	1.1.3.15
A0A193SGF1	1.1.3.15
A0A127N143	1.1.3.15
A0A127MX95	1.1.3.15
A0A0D0SBV7	1.1.3.15
L8MM98	1.1.3.15
L8MHK8	1.1.3.15
A0A0N0E1V1	1.1.3.15
A0A225E6C6	1.1.3.15
A0A2C9EKR5	1.1.3.15
A0A061CNB8	1.1.3.15
A0A061CMR4	1.1.3.15
A0A061CL74	1.1.3.15
W6QS11	1.1.3.15
W6QQV7	1.1.3.15
W6RA91	1.1.3.15
Q88IT9	1.1.3.15
S6BHF8	1.1.3.15
S6ARK9	1.1.3.15
K9NL06	1.1.3.15
A0A1B4X4R1	1.1.3.15
A0A0S4HN01	1.1.3.15
K9NCU5	1.1.3.15
A0A0F7Y5G1	1.1.3.15
A0A0E3ML85	1.1.3.15
A0A0F6XA07	1.1.3.15
A0A1D3JXL6	1.1.3.15
A0A143GH29	1.1.3.15
A0A1Y2MWS8	1.1.3.15
F4CUY7	1.1.3.15
F4CRU5	1.1.3.15
F4CRK7	1.1.3.15
F4CZ97	1.1.3.15
A0A1Q8JLZ5	1.1.3.15
A0A1Q8LP38	1.1.3.15
A0A292Z204	1.1.3.15
A0A1Q8LF43	1.1.3.15
A0A1Q8KT56	1.1.3.15
A0A1X6ZPJ9	1.1.3.15
A0A161XBY1	1.1.3.15
A0A166CQB0	1.1.3.15
A0A165TE67	1.1.3.15
B6R8D7	1.1.3.15
A0A165R5N7	1.1.3.15
A0A1U6GPB8	1.1.3.15
A0A0J5QHZ2	1.1.3.15
D5BRS1	1.1.3.15
A0A0B6WZJ3	1.1.3.15
H6QAW2	1.1.3.15
A0A0K1DZV3	1.1.3.15
A3RTD6	1.1.3.15
A3RTD7	1.1.3.15
Q8XW08	1.1.3.15
D8N7C8	1.1.3.15
D8NYS5	1.1.3.15
D8NYS3	1.1.3.15
D8N7C6	1.1.3.15
A3RTD5	1.1.3.15
D8NPG9	1.1.3.15
Q8XW07	1.1.3.15
D8NYS4	1.1.3.15
D8NPG7	1.1.3.15
Q8XW09	1.1.3.15
I9W3U5	1.1.3.15
G3A159	1.1.3.15
G3A158	1.1.3.15
G3A160	1.1.3.15
A0A0B5IQH6	1.1.3.15
A0A1V2BEE4	1.1.3.15
A0A0F4Z475	1.1.3.15
A0A0F4YNJ0	1.1.3.15
Q07523	1.1.3.15
B3PR96	1.1.3.15
Q2KC17	1.1.3.15
B3PR95	1.1.3.15
W6RD42	1.1.3.15
W6R6M4	1.1.3.15
G9A160	1.1.3.15
G9A162	1.1.3.15
Q92NB8	1.1.3.15
A0A0F4FWB8	1.1.3.15
A0A083ZPU0	1.1.3.15
U4Q4U1	1.1.3.15
U4PUB6	1.1.3.15
U4PQX0	1.1.3.15
L0NAR1	1.1.3.15
L0NN71	1.1.3.15
W6W585	1.1.3.15
A0A1H8P321	1.1.3.15
Q3IZ31	1.1.3.15
A0A2V5G266	1.1.3.15
B6B2K8	1.1.3.15
B9NTK6	1.1.3.15
B6B2K7	1.1.3.15
B6B2K9	1.1.3.15
B9NTK5	1.1.3.15
B6BCS1	1.1.3.15
B6BCS0	1.1.3.15
A0A2X4WSS9	1.1.3.15
A0A2X4UF66	1.1.3.15
Q0S3N6	1.1.3.15
W4A1K2	1.1.3.15
A0A0D8I3J1	1.1.3.15
A0A2X2FAF1	1.1.3.15
A0A2X2G3L8	1.1.3.15
A0A2X2FIJ0	1.1.3.15
A0A1Q8YII8	1.1.3.15
A0A1Q8YFX8	1.1.3.15
A0A1Q8YG26	1.1.3.15
A0A0J1BEK0	1.1.3.15
A0A0D6B719	1.1.3.15
X5JVY4	1.1.3.15
B9ST75	1.1.3.15
B9ST69	1.1.3.15
B9ST70	1.1.3.15
A0A2P6PSR9	1.1.3.15
A0A2P6RYW8	1.1.3.15
A0A2P6RYY6	1.1.3.15
A0A2P6Q5N0	1.1.3.15
A0A2P6RYW4	1.1.3.15
A0A2P6Q956	1.1.3.15
A0A173ZMW0	1.1.3.15
A0A173ZCF0	1.1.3.15
A0A173SJS6	1.1.3.15
A0A174BAQ2	1.1.3.15
A0A173SVT5	1.1.3.15
A0A173TUP6	1.1.3.15
A0A173Z9N2	1.1.3.15
A0A1Y5TD26	1.1.3.15
Q16CG6	1.1.3.15
Q16CG7	1.1.3.15
Q16CG8	1.1.3.15
B7RR92	1.1.3.15
B7RMW0	1.1.3.15
B7RMU4	1.1.3.15
D5RHM8	1.1.3.15
A0A1Q2YX61	1.1.3.15
A0A1X6ZYE4	1.1.3.15
A0A0A0HRL1	1.1.3.15
I0HXJ0	1.1.3.15
I0HKK5	1.1.3.15
I0HKK7	1.1.3.15
I0HKK8	1.1.3.15
B7QY06	1.1.3.15
B7QY07	1.1.3.15
A4FNB1	1.1.3.15
A4FHK5	1.1.3.15
U2E4D8	1.1.3.15
U2ENB5	1.1.3.15
U2EQX2	1.1.3.15
A0A1U7D3X5	1.1.3.15
B5F313	1.1.3.15
A9MG22	1.1.3.15
S5MTE2	1.1.3.15
A0A0K0HDL2	1.1.3.15
A0A248K6M2	1.1.3.15
A0A232SFT6	1.1.3.15
A0A2X5DA12	1.1.3.15
A0A1S1ACL8	1.1.3.15
A0A2T9HK44	1.1.3.15
A0A100VED0	1.1.3.15
A0A2A6D4Q1	1.1.3.15
A0A100PUL7	1.1.3.15
Q57KY4	1.1.3.15
A0A2T8T4G4	1.1.3.15
A0A2X4M4N2	1.1.3.15
A0A0W3LPM6	1.1.3.15
A0A2I5HDD3	1.1.3.15
A0A2X4WT35	1.1.3.15
A0A0V2CNH0	1.1.3.15
A0A1J4QQM5	1.1.3.15
A0A0T9XH20	1.1.3.15
S4I0R5	1.1.3.15
G5SFM4	1.1.3.15
A0A2X4PPN5	1.1.3.15
A0A2T5MY13	1.1.3.15
A0A2X4RW44	1.1.3.15
A0A2X4QPS8	1.1.3.15
A0A2X4S7K9	1.1.3.15
A0A1S0ZIJ2	1.1.3.15
A0A2T9GY46	1.1.3.15
A0A241SB47	1.1.3.15
A0A0F7JCH0	1.1.3.15
A0A2X4XJT3	1.1.3.15
A0A0T9VZW8	1.1.3.15
A0A2T9EVS0	1.1.3.15
A0A2X4MGG7	1.1.3.15
A0A2X5B6A9	1.1.3.15
A0A221ZJ04	1.1.3.15
A0A1Z3Q5L6	1.1.3.15
A0A1X2T8E0	1.1.3.15
A0A0T9WB25	1.1.3.15
A0A2T6XAP9	1.1.3.15
A0A2T9Q6J4	1.1.3.15
V7ISP4	1.1.3.15
V1WUI6	1.1.3.15
A0A271CNN3	1.1.3.15
A0A2X4T9C6	1.1.3.15
G5RJB6	1.1.3.15
A0A1X2RGB0	1.1.3.15
A0A1X2RQG7	1.1.3.15
A0A2T8LAH2	1.1.3.15
A0A2X5CPA8	1.1.3.15
A0A2R4D801	1.1.3.15
A0A2C9NWB7	1.1.3.15
A0A265BCC6	1.1.3.15
A0A0F5B9Q9	1.1.3.15
A0A1Z3Q0E3	1.1.3.15
A0A2X4ZSR2	1.1.3.15
A0A2X4YRI6	1.1.3.15
A0A2R4I9P2	1.1.3.15
A0A2X5BAT5	1.1.3.15
A0A2T9MN26	1.1.3.15
A0A2T9I9F8	1.1.3.15
G4C4W8	1.1.3.15
A0A2X5ASA1	1.1.3.15
A0A2S1HPL4	1.1.3.15
A0A1V4NDF4	1.1.3.15
A0A1J6Y4E9	1.1.3.15
A0A2X4XHG9	1.1.3.15
A0A2T8Y9C1	1.1.3.15
A0A2T9DJJ8	1.1.3.15
A0A2T7HLR0	1.1.3.15
A0A0H2WSA4	1.1.3.15
C0PWI7	1.1.3.15
A0A0N1R0I4	1.1.3.15
A0A2X4SJR9	1.1.3.15
A0A1F2JFJ4	1.1.3.15
A0A2T9P5J0	1.1.3.15
Q8Z4F9	1.1.3.15
A0A0F6B5J1	1.1.3.15
A0A0D6IJB7	1.1.3.15
Q8ZMM3	1.1.3.15
E8XK31	1.1.3.15
A0A0H3NF06	1.1.3.15
H6L109	1.1.3.15
A0A2H1LFL2	1.1.3.15
A0A1W5DIM9	1.1.3.15
A0A2X2H7U7	1.1.3.15
A0A2X2G7J1	1.1.3.15
A0A2X2GZA0	1.1.3.15
A0A2X5BIM3	1.1.3.15
A0A0X2NYQ3	1.1.3.15
A0A1S6HMZ2	1.1.3.15
E7SSC5	1.1.3.15
A0A2S8DVF6	1.1.3.15
A0A236LKQ0	1.1.3.15
B2U083	1.1.3.15
A0A1S9JPT9	1.1.3.15
I6D4W4	1.1.3.15
A0A237FXU0	1.1.3.15
I6DRD7	1.1.3.15
Q31X30	1.1.3.15
A0A2Y5J488	1.1.3.15
Q0T194	1.1.3.15
K0WZF8	1.1.3.15
A0A2Y3AHI1	1.1.3.15
A0A0H2VYY3	1.1.3.15
E7T8N5	1.1.3.15
I6GYD6	1.1.3.15
A0A0H2V341	1.1.3.15
A0A226KDZ9	1.1.3.15
A0A2S4MZD4	1.1.3.15
A0A2Y2UGT1	1.1.3.15
A0A2Y2KXV4	1.1.3.15
A0A2K0Q0W6	1.1.3.15
A0A0F6MG83	1.1.3.15
A0A2Y5LC03	1.1.3.15
A0A2A2XDX3	1.1.3.15
A0A237M075	1.1.3.15
A0A236HD77	1.1.3.15
A0A235Y6L6	1.1.3.15
Q3YYJ7	1.1.3.15
A0A2Y7JTM7	1.1.3.15
A0A2Y3D4P3	1.1.3.15
A0A2Y8BRY7	1.1.3.15
A0A2Y8BDB8	1.1.3.15
A0A0H8S315	1.1.3.15
A0A2Y3KMB9	1.1.3.15
A0A142H5P4	1.1.3.15
A0A1E2VSC3	1.1.3.15
I2BC73	1.1.3.15
C3MGS3	1.1.3.15
C3MGS4	1.1.3.15
I3X1H0	1.1.3.15
A0A0E0UEE5	1.1.3.15
A0A1V5DYM8	1.1.3.15
A0A0B0H8K0	1.1.3.15
A0A0B0HAB7	1.1.3.15
K1L399	1.1.3.15
F6ETN5	1.1.3.15
G2IPH5	1.1.3.15
A0A173KZX5	1.1.3.15
G2IPH3	1.1.3.15
G2IPH4	1.1.3.15
Q1GS14	1.1.3.15
P05414	1.1.3.15
A0A1V5VYJ8	1.1.3.15
A0A1V5RER9	1.1.3.15
A0A1V6E3Y2	1.1.3.15
A0A2P1M9I8	1.1.3.15
A0A259UBD5	1.1.3.15
A0A1U7MBF1	1.1.3.15
F9DUM3	1.1.3.15
F9DUM2	1.1.3.15
A0A0U5HR89	1.1.3.15
B8L0T8	1.1.3.15
A9QH69	1.1.3.15
A0A0T8L4B5	1.1.3.15
A0A1Q2ZFM1	1.1.3.15
A0A124C1N8	1.1.3.15
A0A0K2AU21	1.1.3.15
A0A2N9BBV0	1.1.3.15
A0A291QLU4	1.1.3.15
A0A291QBP2	1.1.3.15
A0A291QI69	1.1.3.15
A0A1Y2NU87	1.1.3.15
A0A2X2M7P2	1.1.3.15
A0A177HVI8	1.1.3.15
A0A2K8PFF8	1.1.3.15
D6EL10	1.1.3.15
A0A1B2GWZ5	1.1.3.15
A0A1B2H577	1.1.3.15
A0A1B2H4K6	1.1.3.15
A0A1Y2MUF7	1.1.3.15
A0A0U5ERG0	1.1.3.15
A0A0U5L8D3	1.1.3.15
A0A1D8G2T7	1.1.3.15
A0A100JY31	1.1.3.15
A0A100JW25	1.1.3.15
A0A2P9F2E1	1.1.3.15
A0A1V2RLK7	1.1.3.15
A0A0S1UJG8	1.1.3.15
A0A1K2FQI0	1.1.3.15
A0A2S6X1L3	1.1.3.15
A0A1B9EI34	1.1.3.15
A0A2K8RIR2	1.1.3.15
M9TZM2	1.1.3.15
A0A2P7ZWG2	1.1.3.15
A0A2K8R647	1.1.3.15
A0A1D2I9N5	1.1.3.15
A0A2K8QZ64	1.1.3.15
A0A1V2RBQ6	1.1.3.15
A0A0S1UDQ3	1.1.3.15
A0A132MXD7	1.1.3.15
B6BM25	1.1.3.15
F9VPD1	1.1.3.15
Q96Y72	1.1.3.15
W6EJB2	1.1.3.15
A6QC61	1.1.3.15
A0A0S4XQE0	1.1.3.15
A5GUJ1	1.1.3.15
Q7U9U2	1.1.3.15
A5GQ90	1.1.3.15
Q0I8G2	1.1.3.15
Q0IDM6	1.1.3.15
A5GI75	1.1.3.15
Q7U599	1.1.3.15
A0A164CN52	1.1.3.15
Q0IDM3	1.1.3.15
A5GMT1	1.1.3.15
A0A068N5J4	1.1.3.15
A0A1V4XBS4	1.1.3.15
A0A1V4XJ92	1.1.3.15
Q2LXM8	1.1.3.15
A0A1V4XVE2	1.1.3.15
A0A1V5DGK5	1.1.3.15
A0A1V4Y5U0	1.1.3.15
B8MKR3	1.1.3.15
B8MMC0	1.1.3.15
B8LUI6	1.1.3.15
A0A1V6FCB3	1.1.3.15
A0A1V5UJE5	1.1.3.15
A0A1V6IK66	1.1.3.15
F4LXJ9	1.1.3.15
C5BLP5	1.1.3.15
B8BZV0	1.1.3.15
A0A0N7LTA8	1.1.3.15
K4LGZ0	1.1.3.15
A0A101D6K9	1.1.3.15
M8DGJ7	1.1.3.15
F6BIS2	1.1.3.15
M1E5R9	1.1.3.15
D1A2X8	1.1.3.15
M4YUM8	1.1.3.15
A0A0S3QVA7	1.1.3.15
V5V4J0	1.1.3.15
V5V4E4	1.1.3.15
A0A140KZF1	1.1.3.15
A0A1V6GYE3	1.1.3.15
Q72LD2	1.1.3.15
Q72LD0	1.1.3.15
Q72G82	1.1.3.15
A0A084ZKT7	1.1.3.15
A0A0L0GS82	1.1.3.15
A0A173TSE9	1.1.3.15
A0A0S3PTR9	1.1.3.15
A0A0H2M0K0	1.1.3.15
A0A2J7VXZ2	1.1.3.15
A0A1V6GKT0	1.1.3.15
A0A1V6GZY0	1.1.3.15
A0A1V6JIX6	1.1.3.15
A0A1V5Q8U0	1.1.3.15
A5CXA9	1.1.3.15
A5CXB1	1.1.3.15
A0A2X2NFB3	1.1.3.15
A0A1W6TKP6	1.1.3.15
A0A1Q1PN27	1.1.3.15
A0A1C3JI92	1.1.3.15
A0A0H6MLS9	1.1.3.15
A0A0H6PGQ1	1.1.3.15
A0A0H6NVX5	1.1.3.15
A0A0E4GN67	1.1.3.15
A0A0H6A8V9	1.1.3.15
A0A0H5YZP6	1.1.3.15
A0A1L9KRL5	1.1.3.15
A0A0H3ZY49	1.1.3.15
A0A2X2MV80	1.1.3.15
A0A090SY56	1.1.3.15
A0A090SDX8	1.1.3.15
A0A090PSU2	1.1.3.15
A0A2G4B5W2	1.1.3.15
A0A090SES2	1.1.3.15
A0A2K9J036	1.1.3.15
A0A2K8DR46	1.1.3.15
C5R9T2	1.1.3.15
G0UG28	1.1.3.15
A0A0D0Q694	1.1.3.15
A0A077QNR4	1.1.3.15
A0A077NTT0	1.1.3.15
A0A2X2PXB9	1.1.3.15
G9Z4V9	1.1.3.15
Q84LB8	1.1.3.15
A0A174JR00	1.1.3.15
A0A2X2UMG1	1.1.3.15
A0A174RK89	1.1.3.15
A0A150FP39	1.1.3.15
S0FGL6	1.1.3.15
A0A1V4I7Z4	1.1.3.15
A0A173RFS6	1.1.3.15
A0A173RTV0	1.1.3.15
A0A173U2E1	1.1.3.15
A0A174KC18	1.1.3.15
A0A174HZH5	1.1.3.15
A0A174B7U0	1.1.3.15
A0A173VIC1	1.1.3.15
E0QJI9	1.1.3.15
A0A175A045	1.1.3.15
A0A174YIH8	1.1.3.15
A0A173RR46	1.1.3.15
A0A173SGR8	1.1.3.15
A0A1V5PIQ6	1.1.3.15
A0A1V5KSH7	1.1.3.15
A0A1V5KPV7	1.1.3.15
A0A1V5JL19	1.1.3.15
A0A2H6EEQ8	1.1.3.15
A0A2H6EM28	1.1.3.15
A0A2H6F0X9	1.1.3.15
A0A2H6F8K5	1.1.3.15
A0A2H6IY94	1.1.3.15
A0A2H5VNM4	1.1.3.15
A0A2H5VW85	1.1.3.15
A0A2H5VXH1	1.1.3.15
A0A2H5W9Z8	1.1.3.15
A0A2H5WBK4	1.1.3.15
A0A2H5X4A2	1.1.3.15
A0A2H5YFG5	1.1.3.15
A0A2H5YSZ7	1.1.3.15
A0A2H5Z7V6	1.1.3.15
A0A2H5ZL71	1.1.3.15
A0A2H5ZZ58	1.1.3.15
A0A2H6A574	1.1.3.15
A0A2H6AKT4	1.1.3.15
A0A2H6AVQ2	1.1.3.15
A0A2H6B124	1.1.3.15
A0A2H6B7B6	1.1.3.15
G2ZL38	1.1.3.15
G2ZL37	1.1.3.15
D7GNZ6	1.1.3.15
A0A1V5GPQ7	1.1.3.15
S6BD85	1.1.3.15
S6BW26	1.1.3.15
S6BUT8	1.1.3.15
S6BS41	1.1.3.15
A0A0P0USS3	1.1.3.15
A0A0W8FWC1	1.1.3.15
A0A1W1BF41	1.1.3.15
A0A1W1B9J4	1.1.3.15
A0A1W1BUC8	1.1.3.15
A0A1W1BJV2	1.1.3.15
A0A1W1CRQ9	1.1.3.15
A0A1W1EAH6	1.1.3.15
A0A1W1CGF5	1.1.3.15
A0A1W1ED07	1.1.3.15
A0A160TTM4	1.1.3.15
A0A160VBE0	1.1.3.15
A0A1W1BJG1	1.1.3.15
A0A1W1CGQ7	1.1.3.15
A0A1W1CKZ9	1.1.3.15
A0A2P2BXE7	1.1.3.15
A0A1J5RXQ3	1.1.3.15
A0A1J5RTE4	1.1.3.15
V4JGD4	1.1.3.15
A0A1C6D9J8	1.1.3.15
A0A1C5N008	1.1.3.15
A0A1C5UTB9	1.1.3.15
A0A1C5YPI8	1.1.3.15
A0A1C5M0D3	1.1.3.15
A0A1C6BU62	1.1.3.15
A0A1C5RA52	1.1.3.15
A0A1C6IN19	1.1.3.15
A0A1C6BRR5	1.1.3.15
A0A1C6E5F3	1.1.3.15
A0A1C6CWX7	1.1.3.15
A0A1C5ZBX9	1.1.3.15
A0A1C5Z054	1.1.3.15
A0A1C6DBJ8	1.1.3.15
A0A1C5NZT0	1.1.3.15
A0A1C5Y6Q1	1.1.3.15
A0A1C5RPD8	1.1.3.15
A0A1C6ACJ4	1.1.3.15
A0A1C5LU99	1.1.3.15
A0A1C5RGR4	1.1.3.15
A0A1C6E0U1	1.1.3.15
A0A1C6KFU6	1.1.3.15
A0A1C5Z2S5	1.1.3.15
A0A1C6B461	1.1.3.15
A0A1C5Z5D9	1.1.3.15
A0A1C6CGU0	1.1.3.15
A0A1C5KKP5	1.1.3.15
A0A1C5WIH0	1.1.3.15
A0A1C6JMK9	1.1.3.15
A0A1C5VD94	1.1.3.15
A0A1C5TPN5	1.1.3.15
A0A1C5U454	1.1.3.15
A0A1C6ESY8	1.1.3.15
A0A1C6GQB1	1.1.3.15
A0A1C6CD38	1.1.3.15
A0A1C6CTH7	1.1.3.15
A0A1C5VZM4	1.1.3.15
A0A1C6EZJ6	1.1.3.15
A0A1C5QUE5	1.1.3.15
A0A1C5L9Z0	1.1.3.15
A0A1C5T583	1.1.3.15
A0A1C5LYA0	1.1.3.15
A0A1C5SL61	1.1.3.15
A0A1C5YAH9	1.1.3.15
A0A1C5NLM8	1.1.3.15
A0A1C5NZW2	1.1.3.15
A0A1C6G384	1.1.3.15
A0A1C5WZP5	1.1.3.15
A0A1Y5Q052	1.1.3.15
S5UC18	1.1.3.15
S5TUW7	1.1.3.15
A0A075GPT8	1.1.3.15
A0A075UV28	1.1.3.17
A0A178X965	1.1.3.17
Q7X2H8	1.1.3.17
A0K1E8	1.1.3.17
J7LLU9	1.1.3.17
A0A2H1HJS7	1.1.3.17
A0A2H1KU15	1.1.3.17
A0A2H1KWM6	1.1.3.17
A0A2H1KAJ8	1.1.3.17
A0A2H1IVQ7	1.1.3.17
A0A2H1HLU4	1.1.3.17
A0A2H1I2Q1	1.1.3.17
A0A2H1JAS5	1.1.3.17
A0A2H1HHD0	1.1.3.17
A0A2H1HHW6	1.1.3.17
A0A2H1KWA1	1.1.3.17
G7HUS2	1.1.3.17
G7HWX2	1.1.3.17
A0A0N8W0B7	1.1.3.17
A0A0Q1AA84	1.1.3.17
B3R7P1	1.1.3.17
A0A2S9XD24	1.1.3.17
A0A2S9XR85	1.1.3.17
E1VTJ7	1.1.3.17
A0A222TEG7	1.1.3.17
B2GM41	1.1.3.17
I4BKM6	1.1.3.17
E6TI39	1.1.3.17
A4TB53	1.1.3.17
A0A202FUY5	1.1.3.17
A0A200GQE2	1.1.3.17
A1UFU8	1.1.3.17
A0A1U3AYW0	1.1.3.17
A0A0J6VVN5	1.1.3.17
A0A0J6WGE4	1.1.3.17
A0A0J6VPQ1	1.1.3.17
A0A0J6W713	1.1.3.17
Q4WCK6	1.1.3.17
J7KZT9	1.1.3.17
A1R258	1.1.3.17
S5XT68	1.1.3.17
A0A1Y2MNU9	1.1.3.17
I9W4Q1	1.1.3.17
A0A0F4YUY8	1.1.3.17
A0A165N3A6	1.1.3.17
C1AXU8	1.1.3.17
A0A1B1KBM9	1.1.3.17
C1AXM6	1.1.3.17
A0A143QP89	1.1.3.17
A0A0K2AKS0	1.1.3.17
A0A0K2AXD2	1.1.3.17
A0A2N9B4Z4	1.1.3.17
A0A2N9B8C3	1.1.3.17
N0CXC6	1.1.3.17
A0A177HQ74	1.1.3.17
A0A2K8P6X8	1.1.3.17
A0A1B2GMK1	1.1.3.17
A0A1Y2MT94	1.1.3.17
A0A1Y2NLL4	1.1.3.17
A0A0U5H0Q8	1.1.3.17
A0A0U5LT69	1.1.3.17
A0A1D8G594	1.1.3.17
A0A100JUM4	1.1.3.17
A0A1B9F0J7	1.1.3.17
A0A2P7ZIS9	1.1.3.17
A0A2P9EZX6	1.1.3.17
A0A1V2MV29	1.1.3.17
A0A1V2MJ18	1.1.3.17
A0A2K8RAD9	1.1.3.17
A0A1K2FUM9	1.1.3.17
A0A1B9F118	1.1.3.17
A0A2K8R081	1.1.3.17
A0A2S6X2J2	1.1.3.17
Q44467	1.1.3.2
F8WQN2	1.1.3.2
Q8Z0C8	1.1.3.2
O33655	1.1.3.2
A9QH69	1.1.3.2
A0A2I0AZ14	1.1.3.20
A0A345GPQ2	1.1.3.20
A0A151U5S0	1.1.3.20
A0A0F8B231	1.1.3.20
X0D2H4	1.1.3.20
W9J151	1.1.3.20
W9KRN9	1.1.3.20
W9PXT2	1.1.3.20
X0J1X4	1.1.3.20
X0BA92	1.1.3.20
X0IB67	1.1.3.20
X0NUM0	1.1.3.20
W7MAB5	1.1.3.20
A0A287F8N4	1.1.3.20
A0A396JPY0	1.1.3.20
A2Z8H1	1.1.3.20
A0A380T8H3	1.1.3.20
A0A0V0IT17	1.1.3.20
A0A2K0TQ79	1.1.3.20
A0A2K3PGR7	1.1.3.20
A0A2Z6PJ96	1.1.3.20
M7YME5	1.1.3.20
C7RIE7	1.1.3.21
U4KM46	1.1.3.21
A0A2X0X248	1.1.3.21
A0A2X0PVG8	1.1.3.21
A0A2X0QPK4	1.1.3.21
Q394C4	1.1.3.21
A0A2R8A216	1.1.3.21
F4BL96	1.1.3.21
Q1LC23	1.1.3.21
L0R6N4	1.1.3.21
B0ED25	1.1.3.21
D5RC44	1.1.3.21
F9EP79	1.1.3.21
K0N2V4	1.1.3.21
C8PB99	1.1.3.21
B0STP5	1.1.3.21
A0A1R4KB75	1.1.3.21
A0A078MYF8	1.1.3.21
Q7NC64	1.1.3.21
Q6MTY6	1.1.3.21
Q70GP9	1.1.3.21
A0A158S0G2	1.1.3.21
B9XBS0	1.1.3.21
Q3ICJ7	1.1.3.21
A0A2X2EY83	1.1.3.21
B9THK9	1.1.3.21
A0A0G7GZ15	1.1.3.21
A0A139Q4V2	1.1.3.21
A0A0T7T4V4	1.1.3.21
A0A111ATD7	1.1.3.21
A0A0U0H6R2	1.1.3.21
A0A111ABK1	1.1.3.21
J1DAP3	1.1.3.21
A0A0T9AHT4	1.1.3.21
A0A0T8PMX6	1.1.3.21
A0A0T8QV41	1.1.3.21
A0A2X4DQY7	1.1.3.21
A0A0T9GPF7	1.1.3.21
A0A0U0D3V4	1.1.3.21
A0A0U0DJH6	1.1.3.21
A0A0T8KNF0	1.1.3.21
D0VWY7	1.1.3.21
A0A139NHS8	1.1.3.21
C3MKW7	1.1.3.21
Q3AMA9	1.1.3.21
A0A0U5IDX7	1.1.3.21
M1ZF78	1.1.3.21
E6QL82	1.1.3.21
Q752Y3	1.1.3.37
M5R471	1.1.3.37
A0A2T7YL45	1.1.3.37
A0A2T7YI23	1.1.3.37
C4IN80	1.1.3.37
C0G3Y4	1.1.3.37
C0RGR6	1.1.3.37
O93852	1.1.3.37
B9WMY6	1.1.3.37
Q6FS20	1.1.3.37
Q6BZA0	1.1.3.37
A0A2H3ET67	1.1.3.37
A0A2H3F298	1.1.3.37
A0A0B2PPR6	1.1.3.37
Q6CSY3	1.1.3.37
A0A098G1S3	1.1.3.37
C8CCV9	1.1.3.37
Q7SGY1	1.1.3.37
H3REB4	1.1.3.37
A0A1W2TEZ5	1.1.3.37
A0A1W2TGB2	1.1.3.37
P54783	1.1.3.37
Q9HDX8	1.1.3.37
A0A0E0UR77	1.1.3.37
A0A1G4HZK3	1.1.3.37
K0KFN0	1.1.3.37
Q6CG88	1.1.3.37
A2QTA3	1.1.3.38
Q2G889	1.1.3.38
P56216	1.1.3.38
A0A2K8KTC1	1.1.3.38
Q0SBK1	1.1.3.38
A0A1S8A8L3	1.1.3.38
A0A084FXN6	1.1.3.38
A0A0F8CXS8	1.1.3.4
A0A0F4YPS7	1.1.3.4
E3BDC4	1.1.3.40
F3MC79	1.1.3.40
L1L2T7	1.1.3.40
L7ESE9	1.1.3.40
A0LST6	1.1.3.41
A0A2X0TTB3	1.1.3.41
A0A221W3B6	1.1.3.41
A0A1D8BXG3	1.1.3.41
A0A0N1FKP0	1.1.3.41
A0A0N0N3I6	1.1.3.41
A0A0N1GNJ2	1.1.3.41
W7IW51	1.1.3.41
A0A2X0USF4	1.1.3.41
A0A2X0TKJ3	1.1.3.41
A0A2P9I5N5	1.1.3.41
G8S0H5	1.1.3.41
A0A2X4R8A5	1.1.3.41
A0A075UVX2	1.1.3.41
A0A178WR50	1.1.3.41
J7M0G4	1.1.3.41
A0A2X0WAL6	1.1.3.41
A0A2X0XUW3	1.1.3.41
A0A2T7YL45	1.1.3.41
A0A0F6J509	1.1.3.41
H6RKP8	1.1.3.41
A0A1X6XUQ2	1.1.3.41
C7MA47	1.1.3.41
A0A2X2Q272	1.1.3.41
K1L5T1	1.1.3.41
B0RGH2	1.1.3.41
A0A2X3B7Y8	1.1.3.41
A0A2X4RMX6	1.1.3.41
A0A1X6XS14	1.1.3.41
A0A157YZW6	1.1.3.41
F4L1E6	1.1.3.41
F6FR77	1.1.3.41
A0A2X4KHK6	1.1.3.41
D6TSE4	1.1.3.41
R7ZZ04	1.1.3.41
A0A143PJ10	1.1.3.41
A0A0F0KQ55	1.1.3.41
A0A0M2HW49	1.1.3.41
A0A0M2HFI3	1.1.3.41
A0A0F0LEA0	1.1.3.41
A0A0F2CB54	1.1.3.41
W0Z805	1.1.3.41
A0A0M2HDA7	1.1.3.41
I0L9P9	1.1.3.41
A0A2P8AWW5	1.1.3.41
I4EWE1	1.1.3.41
A0A110B2A9	1.1.3.41
A0A0T9EDS6	1.1.3.41
A0A0T9NT27	1.1.3.41
A0A045IUM0	1.1.3.41
A0A0U0TLA9	1.1.3.41
A0A0T9K3Z6	1.1.3.41
A0A0T9MJ98	1.1.3.41
A0A0T7PF31	1.1.3.41
A0A1M9Z8T9	1.1.3.41
A0A0U1ASK5	1.1.3.41
A0A2X1UVI3	1.1.3.41
A0A0U1BZJ8	1.1.3.41
A0A0U1AV60	1.1.3.41
A0A1U4SID3	1.1.3.41
A0A1N4NLY8	1.1.3.41
A0A1U4QGT1	1.1.3.41
A0A0U1AV78	1.1.3.41
A0A0U1ATK9	1.1.3.41
A0A1N5APN9	1.1.3.41
A0A1U6TT29	1.1.3.41
A0A1N0YPT7	1.1.3.41
A0A1M9K1S9	1.1.3.41
A0A1U3M941	1.1.3.41
A0A0U0YJ07	1.1.3.41
A0A1N1NJ86	1.1.3.41
A0A1T5ULM6	1.1.3.41
A0A1N1LVX5	1.1.3.41
A0A1M9RT53	1.1.3.41
A0A1N6ARY4	1.1.3.41
A0A1N4EK84	1.1.3.41
A0A1N2W2M2	1.1.3.41
A0A1N0SN92	1.1.3.41
A0A1N6BG71	1.1.3.41
A0A1N0N928	1.1.3.41
A0A1N1N4P4	1.1.3.41
A0A2X1SY03	1.1.3.41
A0A1U2LNN5	1.1.3.41
A0A1N4E405	1.1.3.41
A0A1U4KTJ6	1.1.3.41
A0A0U1A0U5	1.1.3.41
A0A1N3VIZ2	1.1.3.41
A0A1U3N5U2	1.1.3.41
A0A1T7XQA1	1.1.3.41
A0A0U0Z140	1.1.3.41
A0A1N0QU06	1.1.3.41
A0A1M8NVQ8	1.1.3.41
A0A1U0WWA8	1.1.3.41
A0A0U1AUR2	1.1.3.41
A0A1N0QI85	1.1.3.41
A0A0U0Y6W2	1.1.3.41
A0A1T8UXI5	1.1.3.41
A0A0H5P6T6	1.1.3.41
A0A1I9Z6V1	1.1.3.41
A0A1A9GPG9	1.1.3.41
D7B060	1.1.3.41
A0A1R3UNR1	1.1.3.41
A0A1M4EL05	1.1.3.41
A0A2N5N181	1.1.3.41
A0A2M9N070	1.1.3.41
A0A0B0I4X4	1.1.3.41
W8YSA3	1.1.3.41
A0A2S2DUS2	1.1.3.41
A0A2X2CVU5	1.1.3.41
A0A2X2D6U4	1.1.3.41
A0A2X1YSS6	1.1.3.41
A0A2X2D583	1.1.3.41
A0A2X2FVZ3	1.1.3.41
A0A2X2BJ03	1.1.3.41
A0A2X3HPA9	1.1.3.41
A0A166BE04	1.1.3.41
A0A165VPG0	1.1.3.41
A0A162GJB6	1.1.3.41
W6RC96	1.1.3.41
K0PKB6	1.1.3.41
A0A1H8SII8	1.1.3.41
A0A2X4TRR0	1.1.3.41
A0A0D8HV00	1.1.3.41
A0A2X2FB35	1.1.3.41
A0A1X6Y548	1.1.3.41
F8ELC3	1.1.3.41
D1BFG0	1.1.3.41
A0A1B1N8V2	1.1.3.41
A0A2X2KWU3	1.1.3.41
Q097D4	1.1.3.41
A0A0T8VNC7	1.1.3.41
A0A0U0IPM5	1.1.3.41
A0A0E8TK92	1.1.3.41
A0A0T8G5S1	1.1.3.41
A0A0U0FBE7	1.1.3.41
A0A1Q2ZRY6	1.1.3.41
A0A124C1P7	1.1.3.41
A0A0K2B175	1.1.3.41
A0A2N9B4D5	1.1.3.41
Q9ZBU1	1.1.3.41
K4R067	1.1.3.41
A0A089Z618	1.1.3.41
A0A177HJI4	1.1.3.41
A0A076LUJ3	1.1.3.41
A0A250VNN7	1.1.3.41
A0A0U5F2G9	1.1.3.41
A0A117EH43	1.1.3.41
Q9KX73	1.1.3.41
A0A1K2FMY5	1.1.3.41
A0A2K8QZD2	1.1.3.41
A0A1V2RCW0	1.1.3.41
A0A2S6X4T9	1.1.3.41
A0A2P9EVZ7	1.1.3.41
A0A1D2IJW2	1.1.3.41
A0A2P7ZCB1	1.1.3.41
A0A221K1I8	1.1.3.41
A0A0D0NLE0	1.1.3.41
A0A1Y5P121	1.1.3.41
D7UQ40	1.1.3.42
A0A097PUG9	1.1.3.42
A0A178XCF1	1.1.3.43
A0A011PLX9	1.1.3.43
A0A011PRP2	1.1.3.43
A0A085F5E1	1.1.3.43
A0A238LGV8	1.1.3.43
A0A1B8NYI7	1.1.3.43
A0A0W0REL6	1.1.3.43
A0A0W0YNV0	1.1.3.43
A0A143PRN4	1.1.3.43
A0A0M2HS64	1.1.3.43
A0A0G4JCR8	1.1.3.43
A0A2R8AE50	1.1.3.43
A0A117E6M1	1.1.3.43
A0A1Q2Z2I3	1.1.3.43
Q53U15	1.1.3.43
A0A2H6FEQ7	1.1.3.43
A0A2H6IZ16	1.1.3.43
A0A2H5XI64	1.1.3.43
Q53U15	1.1.3.44
Q2MF66	1.1.3.44
A0A2P8B2C1	1.1.3.45
Q0PCD7	1.1.3.45
A0A1V2MV74	1.1.3.45
A0A2P7ZQQ2	1.1.3.45
A0A2P7Z5X0	1.1.3.45
A0A1Y2SL82	1.1.3.45
A0A2D0K0J8	1.1.3.45
A0A2S6UIW7	1.1.3.46
A0A2S6U3S0	1.1.3.46
A0A2S6TQ85	1.1.3.46
A0A2S6U8C0	1.1.3.46
A0A2S6TSF2	1.1.3.46
O52792	1.1.3.46
O52791	1.1.3.46
G4V4S8	1.1.3.46
A0A1Y0XGV0	1.1.3.46
A0A1Z3HRI2	1.1.3.46
A0A1S6IR49	1.1.3.46
A0A2Y8ZL50	1.1.3.46
A0A1A5VQD4	1.1.3.46
A0A1Y0VZ69	1.1.3.46
A0A1P8UMT9	1.1.3.46
Q9Z4X8	1.1.3.46
A0A1K2FR86	1.1.3.46
A0A0P0KG57	1.1.3.46
A0A140L4J8	1.1.3.46
A0A162M7X2	1.1.3.46
A0A2H6A2M5	1.1.3.46
A0A2H6B5T1	1.1.3.46
A0A2S6TXM6	1.1.3.47
A0A2S6QEV9	1.1.3.47
A0A2S6T6A2	1.1.3.47
A0A2S6U1Z2	1.1.3.47
D5KB61	1.1.3.47
E4QP00	1.1.3.47
A0A1K2FRD1	1.1.3.47
A0A221UY44	1.1.3.48
Q8EEB0	1.1.3.48
P93762	1.1.3.5
A0A062KZL8	1.1.3.6
B0VAF9	1.1.3.6
A0A0E1FG24	1.1.3.6
A0A062DUG5	1.1.3.6
A0A154DUJ4	1.1.3.6
A0A062EM92	1.1.3.6
A0A009JNB1	1.1.3.6
A0A062DKA3	1.1.3.6
A0A062SYA0	1.1.3.6
A0A009GHP2	1.1.3.6
A0A062F6P5	1.1.3.6
A0A062II92	1.1.3.6
A0A1C4HGT0	1.1.3.6
A0A239S0K0	1.1.3.6
A0A1R7Q855	1.1.3.6
A0A009HNK5	1.1.3.6
A0A022KMC3	1.1.3.6
A0A010VPA3	1.1.3.6
A0A014CBP0	1.1.3.6
A0A014B8M9	1.1.3.6
A0A010JSX8	1.1.3.6
A0A009QN64	1.1.3.6
A0A140QU16	1.1.3.6
A0A022J6Y7	1.1.3.6
A0A013RW52	1.1.3.6
A0A013UNN1	1.1.3.6
A0A014E2X8	1.1.3.6
A0A011KNE7	1.1.3.6
A0A014E006	1.1.3.6
A0A009NBJ7	1.1.3.6
A0A010KXI6	1.1.3.6
A0A009GK74	1.1.3.6
A0A014DX06	1.1.3.6
A0A014E2I2	1.1.3.6
A0A221W5H9	1.1.3.6
A0A0N1FN71	1.1.3.6
A0A0N1NU47	1.1.3.6
A0A0N0NG33	1.1.3.6
A0A0N1FT50	1.1.3.6
A0A0N1NV05	1.1.3.6
A0A2X0VMM3	1.1.3.6
A0A2P9I2S9	1.1.3.6
A0A2P9IP73	1.1.3.6
A0A2P9IP81	1.1.3.6
A0A2P4UF91	1.1.3.6
A0A2P4UM39	1.1.3.6
G8S8W4	1.1.3.6
C6WL12	1.1.3.6
A0A0H5CZB7	1.1.3.6
A0A0H5CFR9	1.1.3.6
A0A0H5D5M2	1.1.3.6
A0A075UVN3	1.1.3.6
A0A075V0K2	1.1.3.6
A0A075UN20	1.1.3.6
A0A075UMK6	1.1.3.6
A0A075V887	1.1.3.6
A0A178X050	1.1.3.6
A0A178XDS8	1.1.3.6
A0A0M9UDV7	1.1.3.6
Q56DL0	1.1.3.6
A0A136MUP0	1.1.3.6
Q6MPV4	1.1.3.6
Q2I2N2	1.1.3.6
P22637	1.1.3.6
A0A2X1B977	1.1.3.6
A0A2X1C2U9	1.1.3.6
A0A2X1C331	1.1.3.6
A0A2X1C2A0	1.1.3.6
A0A2X1CEI2	1.1.3.6
A0A2X2T8V9	1.1.3.6
A0A069BCI2	1.1.3.6
A0A011QNI4	1.1.3.6
A0A2N9MT32	1.1.3.6
A0A2N9NBF0	1.1.3.6
M7N2I5	1.1.3.6
A0A136KTJ0	1.1.3.6
K9U6P8	1.1.3.6
K9U0B0	1.1.3.6
K9U1P4	1.1.3.6
D7VYA1	1.1.3.6
A0A1A7KLQ0	1.1.3.6
A0A2X3AQJ9	1.1.3.6
B1VGH1	1.1.3.6
S7VHR4	1.1.3.6
A0A239VA28	1.1.3.6
S0FWG9	1.1.3.6
A0A1E7WZH1	1.1.3.6
A0A2S9YE71	1.1.3.6
A0A2S9YDA8	1.1.3.6
A0A2S9YEI6	1.1.3.6
A0A2S9YNS7	1.1.3.6
A0A0X7BBM5	1.1.3.6
A0A0X7BDG5	1.1.3.6
Q0RAZ7	1.1.3.6
E3J7L2	1.1.3.6
A0A168IK24	1.1.3.6
A0A166QFT9	1.1.3.6
D3D2S2	1.1.3.6
A0A2X3L3Z9	1.1.3.6
A0A0D8BFH2	1.1.3.6
D3CSW4	1.1.3.6
A8L4C3	1.1.3.6
A0A2X3KHE8	1.1.3.6
A8LGY7	1.1.3.6
D0LDL8	1.1.3.6
D0LDL7	1.1.3.6
D0L8E4	1.1.3.6
D2Y4N5	1.1.3.6
A0A222TH02	1.1.3.6
A0A128EWI9	1.1.3.6
A0A125NUC5	1.1.3.6
A0A0K3AXY2	1.1.3.6
A0A0K3B0A9	1.1.3.6
A0A0K3BDY4	1.1.3.6
A0A2X3E9J8	1.1.3.6
D2PYB3	1.1.3.6
W5W442	1.1.3.6
B1Y132	1.1.3.6
R7ZSU7	1.1.3.6
A0A143PMV9	1.1.3.6
A0A1E2S024	1.1.3.6
A0A0F0KHR5	1.1.3.6
A0A1R4IU41	1.1.3.6
A0A0F0L8I0	1.1.3.6
A0A0F0KK17	1.1.3.6
A0A0F2C760	1.1.3.6
A0A2P8ASP5	1.1.3.6
A1ZK73	1.1.3.6
X8B3K2	1.1.3.6
A0A0H3M926	1.1.3.6
A0A0N9Y822	1.1.3.6
K5BC01	1.1.3.6
X7ZRH5	1.1.3.6
X7YD83	1.1.3.6
L7VAP8	1.1.3.6
H9NJ52	1.1.3.6
D5PCL9	1.1.3.6
A0A1Z4EE51	1.1.3.6
A0A0D6HD20	1.1.3.6
X7V8M5	1.1.3.6
A0A0A1FP71	1.1.3.6
A0A2S8BF84	1.1.3.6
A0A1S1NI84	1.1.3.6
P9WMV8	1.1.3.6
P9WMV9	1.1.3.6
A0A0T9WLB5	1.1.3.6
A0A0T9LPG0	1.1.3.6
A0A045IVP9	1.1.3.6
A0A0U0QJM7	1.1.3.6
A0A0T9BJD7	1.1.3.6
A0A0T9K2U0	1.1.3.6
A0A0T9YCV2	1.1.3.6
A0A0U0XTW1	1.1.3.6
A0A2X1SA76	1.1.3.6
A0A1N4LL40	1.1.3.6
A0A0U0YMT3	1.1.3.6
A0A0U1BXY3	1.1.3.6
A0A1N5XYC9	1.1.3.6
A0A1N1D1X3	1.1.3.6
A0A0U1BGQ1	1.1.3.6
A0A1T6VGS7	1.1.3.6
A0A1N1WKW4	1.1.3.6
A0A0U1ART6	1.1.3.6
A0A0U0YNJ1	1.1.3.6
A0A1T8NF29	1.1.3.6
A0A0U1AC57	1.1.3.6
A0A1M8V790	1.1.3.6
A0A1M9RK15	1.1.3.6
A0A1M9WUV4	1.1.3.6
A0A1N0GRW4	1.1.3.6
A0A1N0RF81	1.1.3.6
A0A1N0DT15	1.1.3.6
A0A1M8JP59	1.1.3.6
X8EBN4	1.1.3.6
A0A1X2DVQ0	1.1.3.6
A0A1X2DT62	1.1.3.6
A0A0J6VPV0	1.1.3.6
A0A0J6VF98	1.1.3.6
G4CFJ3	1.1.3.6
A0A231GX57	1.1.3.6
A0A231H2L5	1.1.3.6
A0A231H8T3	1.1.3.6
A0A231H1D7	1.1.3.6
A0A231HCV3	1.1.3.6
A0A231HAW6	1.1.3.6
A0A231HAB3	1.1.3.6
A0A0H5NRK7	1.1.3.6
A0A0H5NL79	1.1.3.6
A0A0H5NY23	1.1.3.6
A0A0H5NLD1	1.1.3.6
A0A0H5NJN0	1.1.3.6
W5TBW0	1.1.3.6
A0A1I9ZA91	1.1.3.6
A0A0B8NMV1	1.1.3.6
A0A1I9ZBZ6	1.1.3.6
A0A1I9Z242	1.1.3.6
A0A0A1DTF1	1.1.3.6
B2IZE6	1.1.3.6
K6YSI9	1.1.3.6
H0E7B5	1.1.3.6
H0E0S0	1.1.3.6
H0EAY8	1.1.3.6
A0A142WU64	1.1.3.6
A0A0Q0IVH1	1.1.3.6
A0A1Y2N4I8	1.1.3.6
A0A1R4GV93	1.1.3.6
A0A1U6GIW4	1.1.3.6
A5WBI8	1.1.3.6
A0A2X4UI48	1.1.3.6
A0A2X4TVV8	1.1.3.6
A0A2X4UXU4	1.1.3.6
A0A2X4TYC1	1.1.3.6
A0A1F2Q453	1.1.3.6
C3JVD5	1.1.3.6
C0ZRH0	1.1.3.6
C3JT83	1.1.3.6
A0A1F2PWX7	1.1.3.6
A0A1F2PW28	1.1.3.6
A0A1F2PVQ3	1.1.3.6
A9QAE7	1.1.3.6
A0A161GFS2	1.1.3.6
A0A165LUX6	1.1.3.6
V9Q617	1.1.3.6
Q0S8P0	1.1.3.6
Q0S9X3	1.1.3.6
Q0S3A8	1.1.3.6
A0A1B1JY92	1.1.3.6
A0A1B1K3K1	1.1.3.6
W4A4P8	1.1.3.6
A0A098BP00	1.1.3.6
A0A0D8HR27	1.1.3.6
A0A0K2YN42	1.1.3.6
A0A143QEL1	1.1.3.6
A0A143QIH0	1.1.3.6
C5II13	1.1.3.6
A0A0D8HSJ0	1.1.3.6
A0A143QET7	1.1.3.6
A0A143Q362	1.1.3.6
N1M754	1.1.3.6
A0A0K2YLL6	1.1.3.6
A0A143QKM5	1.1.3.6
A0A143Q8Z3	1.1.3.6
Q157H4	1.1.3.6
A0A2X2FEA9	1.1.3.6
A0A2X2FAU3	1.1.3.6
A0A2X2FAJ5	1.1.3.6
A0A060JKF6	1.1.3.6
A0A2P6RC86	1.1.3.6
C7MXW2	1.1.3.6
A4FP96	1.1.3.6
K0JX84	1.1.3.6
K0K2W3	1.1.3.6
K0K9R7	1.1.3.6
A8M5S7	1.1.3.6
A4X855	1.1.3.6
A0A0F7M2L3	1.1.3.6
D3PWH5	1.1.3.6
A0A2X2LE05	1.1.3.6
A0A2I2KE68	1.1.3.6
A0A100J727	1.1.3.6
Q93H76	1.1.3.6
A0A2N9BGC6	1.1.3.6
K4R330	1.1.3.6
A0A291Q0V0	1.1.3.6
N0D146	1.1.3.6
A0A2X2M266	1.1.3.6
A0A2X2M439	1.1.3.6
L1KIC4	1.1.3.6
A0A2K8PLY3	1.1.3.6
A0A2K8P7Q9	1.1.3.6
A0A2K8P6V2	1.1.3.6
A0A1B2H5R9	1.1.3.6
E8W956	1.1.3.6
A0A100JNX0	1.1.3.6
Q55020	1.1.3.6
P12676	1.1.3.6
A0A2P9FD61	1.1.3.6
A0A1V2ML81	1.1.3.6
A0A1B9EXY5	1.1.3.6
U5Q8Z7	1.1.3.6
A0A2P9EZI4	1.1.3.6
G0PXD9	1.1.3.6
A0A1K2G2R6	1.1.3.6
L7FHG6	1.1.3.6
F2R5J6	1.1.3.6
A7LGL0	1.1.3.6
D2AYD8	1.1.3.6
Q3ALD8	1.1.3.6
F0P237	1.1.3.6
A0A1V5LN00	1.1.3.6
A0A1V5J5R0	1.1.3.6
A0A2H6ELQ1	1.1.3.6
A0A2H6EYE7	1.1.3.6
A0A2H6HDP1	1.1.3.6
A0A2H6IZI3	1.1.3.6
A0A2P2CGC1	1.1.3.6
A0A1J5QNW3	1.1.3.6
A0A1J5Q5K8	1.1.3.6
A0A1Y5PF92	1.1.3.6
A0A1Y5PJ17	1.1.3.6
A2QIB9	1.1.3.7
A2QK04	1.1.3.7
F7S1R7	1.1.3.8
D4XSI6	1.1.3.8
C0VIB9	1.1.3.8
A0A0N1NL18	1.1.3.8
A0A0G3V0S0	1.1.3.8
A0A0J0YI73	1.1.3.8
A0A0N0N256	1.1.3.8
A0A0N1H630	1.1.3.8
A0A0N0ML90	1.1.3.8
W7INI2	1.1.3.8
A0A2P9IS71	1.1.3.8
G8SB08	1.1.3.8
C6WCI3	1.1.3.8
A0A1R4GCV0	1.1.3.8
A0A0H5CS89	1.1.3.8
Q9FM82	1.1.3.8
Q9FM84	1.1.3.8
A0A0G8CLL3	1.1.3.8
A0A0G8F9Z1	1.1.3.8
A0A0G8ECN8	1.1.3.8
Q81IZ2	1.1.3.8
A0A2X0WAL6	1.1.3.8
A7GLB1	1.1.3.8
A0A0B5S6Z2	1.1.3.8
A0A1X6Q9G1	1.1.3.8
A0A1S8G6W1	1.1.3.8
N1LJG2	1.1.3.8
M1PFM3	1.1.3.8
C5C5G4	1.1.3.8
Q3ZC33	1.1.3.8
A0A1X6XU56	1.1.3.8
A0A1X6WZA2	1.1.3.8
A0A0B9AK84	1.1.3.8
A0A1D7W8Q8	1.1.3.8
Q2YIX9	1.1.3.8
Q8YCU0	1.1.3.8
J7JBJ3	1.1.3.8
A0A2X2Q272	1.1.3.8
Q390J8	1.1.3.8
Q391J9	1.1.3.8
A0A151SWE5	1.1.3.8
D5VLT9	1.1.3.8
A0A136P060	1.1.3.8
E0MUP1	1.1.3.8
C0XRD5	1.1.3.8
A9KFF0	1.1.3.8
E3BBP8	1.1.3.8
F5SAW5	1.1.3.8
V5Z9C3	1.1.3.8
Q2JG59	1.1.3.8
A0A062X1T2	1.1.3.8
W9D6Q2	1.1.3.8
A0A0D8BEZ6	1.1.3.8
A0A0B2SW96	1.1.3.8
Q0BPS4	1.1.3.8
A0A1L3RLW2	1.1.3.8
A0A1L3REP9	1.1.3.8
W6IL53	1.1.3.8
K9JAG6	1.1.3.8
A0A2G9HYH9	1.1.3.8
A0A2G9FXE2	1.1.3.8
A0A2G9G1M4	1.1.3.8
A0A0K3B8Q2	1.1.3.8
D6U6R2	1.1.3.8
W5VX40	1.1.3.8
Q4QE54	1.1.3.8
E9ARA9	1.1.3.8
A0A088RMZ1	1.1.3.8
A0A1R4HR86	1.1.3.8
B1HRA3	1.1.3.8
H8WAX9	1.1.3.8
M5FLZ5	1.1.3.8
A0A1R4JAC8	1.1.3.8
A0A1R4IST5	1.1.3.8
A2A017	1.1.3.8
P58710	1.1.3.8
A0A0N9XAQ2	1.1.3.8
A0A0A1FLS0	1.1.3.8
A0A0B8NPN9	1.1.3.8
D7B0R6	1.1.3.8
A0A1R3ULH7	1.1.3.8
A0A1M4E2A3	1.1.3.8
B2J020	1.1.3.8
B2J344	1.1.3.8
A0A1W7MD54	1.1.3.8
Q8EQI8	1.1.3.8
F3M725	1.1.3.8
M7MKV4	1.1.3.8
S5YQ45	1.1.3.8
A7HTX6	1.1.3.8
A7HXF5	1.1.3.8
H0E3U3	1.1.3.8
A0A067XNL8	1.1.3.8
W6VD16	1.1.3.8
A0A0D6SSY4	1.1.3.8
F4CYK6	1.1.3.8
A0A292YTD8	1.1.3.8
A3RPP1	1.1.3.8
P10867	1.1.3.8
A9WL67	1.1.3.8
G9A9S4	1.1.3.8
W6WS88	1.1.3.8
D5AQN9	1.1.3.8
W4A516	1.1.3.8
N1M667	1.1.3.8
B9S3D0	1.1.3.8
A4F5U2	1.1.3.8
K0JPQ0	1.1.3.8
U2EST4	1.1.3.8
Q90YK3	1.1.3.8
A0A0E0U9H7	1.1.3.8
D1C7X7	1.1.3.8
A0A109YLE2	1.1.3.8
A0A109YLD8	1.1.3.8
D3Q5Y2	1.1.3.8
A0A2X2LVI9	1.1.3.8
M9TNS6	1.1.3.8
F2RDU8	1.1.3.8
D2B5I4	1.1.3.8
Q8HXW0	1.1.3.8
A0A2H1E687	1.1.3.8
D6Y3D9	1.1.3.8
I7KK15	1.1.3.8
A0A1V1PTU8	1.1.3.8
A0A2I6QLF1	1.1.3.8
A0A075G455	1.1.3.8
A0A075HNX4	1.1.3.8
A0A075FRM3	1.1.3.8
B5WUJ3	1.1.3.9
A0A090HGN3	1.1.3.9
A0A151TXM6	1.1.3.9
A0A151TXM6	1.1.3.9
A0A1C3NXD4	1.1.3.9
A0A0C5CCL2	1.1.3.9
K9TXB3	1.1.3.9
B3R195	1.1.3.9
I0K1R9	1.1.3.9
F8B3Q8	1.1.3.9
A0A2G9GG97	1.1.3.9
A0A2G9GAE5	1.1.3.9
A0A2G9GUU3	1.1.3.9
A0A2G9GGD0	1.1.3.9
A0A2G9G7G0	1.1.3.9
A0A2G9G7F5	1.1.3.9
A0A2G9G3E7	1.1.3.9
A0A2G9HYB4	1.1.3.9
A0A2G9I2C5	1.1.3.9
A0A2G9G7S6	1.1.3.9
A0A2G9HDH2	1.1.3.9
A0A2G9H2Y9	1.1.3.9
F9ZDM3	1.1.3.9
F9ZK57	1.1.3.9
B2IUG1	1.1.3.9
B9RYU4	1.1.3.9
A0A2P6QUY2	1.1.3.9
A0A2P6P6I3	1.1.3.9
A0A2P6R9I5	1.1.3.9
A0A2P6PYZ3	1.1.3.9
A0A2P6PNW5	1.1.3.9
A0A2P6R6A5	1.1.3.9
A0A2P6PNW6	1.1.3.9
A0A2P6P450	1.1.3.9
A0A2P6R344	1.1.3.9
A0A2P6PZ08	1.1.3.9
A0A2P6PNW4	1.1.3.9
A0A2L0EMU8	1.1.3.9
M5CRB8	1.1.3.9
B8MB95	1.1.3.9
