uid	pfam
A0A2K4ZDQ6	PF01266,PF04324
A0A0U5F9V4	PF01565,PF02913
A0A1Y0XVA5	PF01565,PF02913
S6DC87	PF01565,PF02913
A0A1Y0UUM1	PF01565,PF02913
A0A1A0DC63	PF01565,PF02913
A0A1F2PDL2	PF01266,PF04324
A0A1F2PK47	PF01266,PF04324
A0A2X0SPC1	PF01266
A0A2X0SWG9	PF01266
D4XA33	PF01565
D4XIR1	PF01565,PF02913
D4XA32	PF01565,PF02913
D4XA34	PF02754,PF13183
A0A0M7BTY0	PF01266
A0A0M7NE14	PF01266
A0A0M7LBC1	PF01266
A0A0M7DGE4	PF01266
A0A0M7MCW0	PF01266
E3HEK0	PF01565
E3HEJ9	PF01565,PF02913
K7S8X4	PF01565,PF02913
A0A1V6HVB3	PF01266
A1W3D8	PF01070
A1WAZ5	PF01070
A0A1G5LLR7	PF01266
A0A1G5LWX5	PF01266,PF04324
A0A1P8PH87	PF01070
A0A2U3N1C3	PF01266
A0A1D8C4M1	PF01565,PF02913
A0A1L7F8E5	PF01070
A0A0G3V1N4	PF01070
A0A0J0UTH7	PF01565,PF02913
A0A0G3UZA1	PF01565,PF02913
A0A0N0MLM2	PF01070
A0A0N1ND03	PF01070
A0A0N0NDT9	PF00155,PF01070
A0A0N0MSK1	PF01070
A0A0N1FTH6	PF00155,PF01070
A0A0N1GGN2	PF01070
A0A0N1G0C7	PF01070
A0A1V5PUM4	PF01266
W7ILH9	PF01266
A0A2P9IED3	PF01266
A0A2P9IBG3	PF01070
A0A2P4UIE7	PF01266
A0A1R4G0W3	PF01266
R9PTS0	PF01266
A0A1S7PQU1	PF01565
A0A1S7PQF0	PF02754,PF12838
A0A1S7PRC0	PF01565,PF02913
A0A1S7M775	PF01565,PF02913
A0A1S7MDK7	PF02754,PF12838
A0A1S7QAV1	PF01565,PF02913
A0A1S7MDJ1	PF01565,PF02913
A0A1S7M7E9	PF02754,PF12838
A0A1S7PEZ0	CL7237,CL7795,PF02754,PF12838
A0A1S7MLC4	PF01565,PF02913
A0A1S7MKY1	PF01565
A0A1S7Q4R6	PF02754,PF12838
A0A1S7TXY8	PF01565
A0A1S7TNM3	PF01565
A0A1S7M6N8	PF01565
A0A1S7TNM0	PF01565,PF02913
A0A1S7NUI0	PF01565,PF02913
A0A1S7QSK4	PF01565
A0A1S7Q804	CL8796,PF02754,PF12838
A0A1S7TY46	PF02754,PF12838
A0A1S7Q7C1	PF01565,PF02913
A0A1S7MKX0	PF02754,PF12838
A0A1S7MDD8	PF01565
A0A1S7PFD1	CL7237,CL7794,PF01565,PF02913
A0A1S7TNM8	PF02754,PF12838
A0A1S7NUM5	PF02754,PF12838
A0A1S7QYC4	PF02754,PF12838
A0A1S7TXX4	PF01565,PF02913
A0A1S7SNJ9	PF01565,PF02913
A0A1S7Q0U8	PF01565,PF02913
A0A1S7Q0Q7	PF02754,PF12838
A0A1S7SNX1	PF01565
A0A1S7PYD9	PF01565
A0A1S7PZ34	PF02754,PF12838
A0A1S7PZ14	PF01565,PF02913
A0A1R4G104	PF01266
A0A0M9IQE6	PF01266
F4G5A4	PF01070
A0A0H5CSE9	PF01266
A0A2S6TT10	PF01266
A0A2S6T084	PF01266
A0A2S6UBM7	PF01266
A0A1V6F3N2	PF01266
A0A2S6TFR6	PF01266
A0A2S6RTL4	PF01266
A0A2P5VKQ3	PF01266
A0A2S6SRY9	PF01266
A0A2S6SET6	PF01266
A0A2S6QUR3	PF01266
A0A2S6UT86	PF01266
A0A2S6T981	PF01266
A0A2S6S414	PF01266
A0A1V6FFS7	PF01266
A0A2S6Q8G6	PF01266
A0A2S6TZ65	PF01266
A0A0N0XID0	PF01266
A0A178XCA5	PF01266
Q3MD83	PF01070
A0A2X0V6P8	PF01266,PF04324
C7HSG4	PF01565,PF02913
D4MUZ9	PF01565,PF02913
A0A173XIA0	PF01266,PF04324
A0A174CW85	PF01266,PF04324
D4MUV9	PF01565,PF02913
D4N087	PF01565,PF02913
A0A174Q9E6	PF01266,PF04324
A0A0U5BDM6	PF01266
A0A2I0B889	PF01070
Q9LJH5	PF01070
O49506	PF01070
Q9LRR9	PF01070
Q24JJ8	PF01070
Q9LRS0	PF01070
Q56ZN0	PF01070
A0A075WBB5	PF01565,PF02913
E6L309	PF01070
E6L3P7	PF01565,PF02913
A8EVV7	PF01565,PF02913
A0A136KSQ1	PF02913
Q5P8S5	PF01565,PF02913
Q5P1Z4	PF01565,PF02913
H1WCY2	PF01565
H1WCY1	PF02754,PF13183
A2R0X2	PF01070
A2QBA3	PF01070
A1K321	PF01070
D3NRV6	PF01565,PF02913
I2C8Q5	PF01565,PF02913
I2C4I9	PF00550,PF00561,PF08659,PF14765
I2C8Q6	PF02754,PF13183
A0A1Y0XI96	PF01565,PF02913
A0A1Y0X8V4	PF01565
A0A072P3D3	PF01565,PF02913
A0A1Y5ZX00	PF01266
Q81GB1	PF01565,PF02913
Q63E73	PF01565,PF02913
A0A1G4KV29	PF02754,PF13183
Q81AQ6	PF01565,PF02913
D8H684	PF02754,PF13183
Q81GB2	PF02754,PF13183
Q63E74	PF02754,PF13183
A0A2X0YUT7	PF01565,PF02913
A0A2X0Z6A8	PF01565
A0A2X0YSU8	PF00037,PF02754
A0A2X1AUD3	PF01565,PF02913
A0A2X1AWL4	PF02754,PF13183
A0A2X0XFI9	PF01565,PF02913
A0A2X1AQ03	PF01565,PF02913
A0A2X1ASK1	PF02754,PF13183
Q5WFZ5	PF01565,PF02913
Q5WAP3	PF02754,PF13183
Q5WAP2	PF01565,PF02913
Q5WCX9	PF02754,PF13183
Q5WCX8	PF01565,PF02913
Q5WFZ3	PF01565
Q5WFZ4	PF02754,PF13183
A0A1Y0YNK1	PF01565,PF02913
A0A2X0YMS7	PF02754
A0A1Y0WK63	PF01565
A0A1Y0WXH0	PF01565,PF02913
A0A1S9XLN4	PF01266
A0A1X6QH05	PF01266
A0A0H4NZY9	PF01266
A0A150KMR5	PF01565,PF02913
Q6HLP8	PF01565,PF02913
Q3EWG9	PF01565,PF02913
A0RBC0	PF02754,PF13183
Q3EWG8	PF02754,PF13183
A0A1E8APH5	PF01266
A0A1V6BHK0	PF01266
A0A1V6BAP2	PF01266
A0A0A7DLL0	PF01070
A0A1Z5H867	PF01565,PF02913
V4Y1L5	PF01266
A0A086ZI34	PF01070
A0A087D1R1	PF01070
A0A087EIS6	PF01070
A0A0H5BPQ4	PF01266
H6RSV4	PF01070
H6RN14	PF01070
A0A173WSB4	PF01266,PF04324
A0A174K9N2	PF01266,PF04324
A0A157QAU9	PF01565
A0A157SVA4	PF01565
A0A157LG89	PF01266
A0A157S5W5	PF01266
A0A0H4W4S4	PF01266
A0A2X4MSF9	PF01266
A0A131IES4	PF01266
A0A0T7MB39	PF01266
A9IQN3	PF01565,PF02913
A9IQM8	PF02754,PF13183
A0A0J6F111	PF01266
Q3ZBW2	PF01070
A0A1Y6KMB1	PF01565
A4Z0V5	PF01565,PF02913
H0T9T4	PF01565,PF02913
H0TJ83	PF01565,PF02913
H0TLA1	PF02754
H0SHM2	PF01070
A4Z0U9	PF01565
A5ECI0	PF02754,PF12838
H0SX51	PF02754,PF12838
H0SIB8	PF01565,PF02913
H0SX50	PF01565
A0A1Y6KF81	PF01070
A0A1Y6KSB0	PF02754,PF12838
A4YVE0	PF01070
A0A1Y6KMB6	PF01565,PF02913
A5ECH8	PF01565,PF02913
H0TJ90	PF01565
H0SLS5	PF02754
A5EK29	PF01070
A4Z0U8	PF02754,PF12838
H0T8W2	PF01070
A0A2H1IK18	PF01565,PF02913
A0A2H1JFV0	PF01565,PF02913
A0A2H1IBU8	PF01565,PF02913
A0A2H1I5T4	PF01565,PF02913
A0A2H1IWD7	PF01565,PF02913
A0A2H1J3S6	PF01565,PF02913
A0A2H1ISP2	PF01565,PF02913
A0A2H1IBB3	PF01565,PF02913
A0A2H1I021	PF01565,PF02913
A0A2H1IGT2	PF01565,PF02913
A0A2H1JU53	PF01565,PF02913
A0A2H1JRP0	PF01565,PF02913
A0A2H1KXQ6	PF01565,PF02913
A0A2H1I149	PF01565,PF02913
A0A2H1J173	PF01565,PF02913
A0A2H1J8I0	PF01565,PF02913
A0A2H1ISP0	PF01565,PF02913
A0A2H1K9G7	PF01565,PF02913
A0A2H1JJR0	PF01565,PF02913
A0A2H1L7C3	PF01565,PF02913
A0A2H1L1B1	PF01565,PF02913
A0A2H1I324	PF01565,PF02913
A0A2H1JB92	PF01565,PF02913
A0A2H1JI11	PF01565,PF02913
A0A2H1IK69	PF01565,PF02913
A0A2H1IME8	PF01565,PF02913
A0A2H1I6U1	PF01565,PF02913
A0A1D7VZD8	PF01266
D4YN11	PF02754
A0A2H1KXK9	PF02913
A0A2H1HQD2	PF01565,PF02913
A0A2H1IYB7	PF01565,PF02913
A0A2H1JHV0	PF01565,PF02913
A0A2H1KZ78	PF01565,PF02913
A0A2H1JRC2	PF01565,PF02913
A0A1X6WUC8	PF01266
A0A2X1AN19	PF01266
A0A2X1B7J1	PF01266
Q2YII5	PF01565,PF02913
Q8YB37	PF01565,PF02913
Q8YB40	PF02754,PF12838
Q8YI46	PF01565,PF02913
Q8YB39	PF01565,PF02913
A0A2X1CE48	PF01565,PF02913
A0A2X1CFX3	PF01266
A0A2X1GRI6	PF01266
A0A0B6RP43	PF01565
A0A0B6RIG6	PF02754,PF13183
A0A0H3KGZ2	PF01565,PF02913
A0A0H3KCE3	PF02754,PF13183
A0A2X1DBU4	PF01266
B9BCV8	PF02754,PF13183
A0A0H3KC56	PF01565
Q3JNY7	PF02754,PF13183
A0A095S1N0	PF01266,PF39027
A3P5J0	PF00109,PF00550,PF02801,PF08659,PF16197
A0A0E1S6K3	PF01565,PF02913
B1HAT1	PF02754,PF13183
A0A0E1SGM3	PF02754,PF13183
A0A0E1S1N5	PF00109,PF00550,PF02801,PF08659,PF16197,PF95024
A0A0E1W095	PF00109,PF00550,PF00698,PF02801,PF08659,PF16197
A3NYZ8	PF02754,PF13183
B1H6I0	PF00109,PF00550,PF02801,PF08659,PF16197
A0A0E1W250	PF00109,PF00550,PF02801,PF08659,PF16197
A0A0E1SA20	PF01565
A0A0E1U9V1	PF00109,PF00550,PF00698,PF02801,PF08659,PF16197
A8EI27	PF02754,PF13183
A0A0E1S8L7	PF00109,PF00550,PF00698,PF02801,PF08659,PF16197
A8ELY2	PF00109,PF00550,PF00698,PF02801,PF08659,PF16197
A3P5J1	PF00109,PF00550,PF00698,PF02801,PF08659,PF16197
A3NJX3	PF00109,PF00550,PF00698,PF02801,PF08659,PF16197
A8ELY1	PF00109,PF00550,PF02801,PF08659,PF16197
A0A0E1UCJ8	PF00109,PF00550,PF00698,PF02801,PF08659,PF16197
Q3JNY8	PF01565
Q3JQM9	PF02754
Q3JHC3	PF02754
A0A0E1UZZ2	PF02754,PF13183
A0A0E1W1E0	PF02754,PF13183
A0A0E1UE22	PF00109,PF00550,PF02801,PF08659,PF16197
A0A1E7S220	PF01266,PF04324
A0A1E7RY84	PF01266,PF04324
A0A1E7RYN9	PF01266,PF04324
A0A1E7S3B0	PF01266,PF04324,PF04972
A0A1E7RZI3	PF01266,PF04324
A0A1E7S2T3	PF01266,PF04324
A0A151R600	PF01070
A0A0R3JS23	PF01266,PF04324
A0A0R3K2G2	PF01266,PF04324
A0A2X4BD53	PF01565,PF02913
A0A2X3LLV9	PF01565,PF02913
M5IPU5	PF01565,PF02913
A0A011QCS6	PF01266
A0A011MGF2	PF01266
A0A011R8E6	PF01266
A0A011QMR4	PF01266
A0A011MFG6	PF01266
A0A011PT91	PF01266
A0A080LV49	PF01266
A0A080M6P8	PF01266
A0A1V6AQ83	PF01266,PF04324
A0A1V6AQ50	PF01266,PF04324
A0A0M2UTX8	PF01565
E6N7D7	PF01565,PF02913
E6N788	PF01565,PF02913
A0A0T5ZJ82	PF01565,PF02913
A0A0T5ZUA2	PF01565,PF02913
W8GFP9	PF01266
A0A1V5YWB7	PF01266
A0A284VRK6	PF01070
D5MNA0	PF01565,PF02913
A0A0N7HBH8	PF01266
A0A1Q9N8B0	PF01266,PF04324
A0A2P2E6G0	PF01266
A0A2P2E750	PF01266
A0A160SYH1	PF00682,PF01266,PF08502
A0A0T6AJI7	PF01565,PF02913
A0A0T6AB85	PF01565,PF02913
A0A2N9LU54	PF01266
A0A2U3KRK1	PF01266,PF42298
A0A2U3K0S2	PF01266,PF33274
A0A2N9N869	PF01266
A0A2N9L5T0	PF01266
F4BMG1	PF01565,PF02913
F4BR76	PF01070
C7Q7H9	PF01070
K1KWG0	PF01266
A0A2X3JBL9	PF01266
A0A0F8B4A0	PF01266
M7NB96	PF01266
A0A0E9FU67	PF01266,PF04324
A0A0E9F1A3	PF01266,PF04324
A0A1V5WCW7	PF01266,PF04324
A0A1V6DFJ0	PF01266,PF04324
A0A1V5YK26	PF01266,PF04324
A0A1V5PNU2	PF01266,PF04324
A0A1S9CY77	PF01266
A0A2K8DNH1	PF01070
Q7NZM1	PF01565,PF02913
Q7NQA5	PF01565,PF02754,PF02913,PF11880,PF12447,PF13183
K9TUB7	PF01070
A0A239X7S2	PF01266
S0EYS9	PF01565,PF02913
A0A2U4DJI1	PF01266
A0A2S4RVL1	PF01266
A0A0F6TW70	PF01266
A0A1R0FZB4	PF01266
A0A1V8P005	PF01266
A0A223JV39	PF01266
A0A0P8IBV5	PF01266
A0A2I8SAS6	PF01266
A0A243TIQ9	PF01266
A0A2L0TEV5	PF01266
A0A241Q7V9	PF01266
A0A023V347	PF01266
A0A243U434	PF01266
A0A2I8TPV8	PF01266
A0A1C0PCQ9	PF01266
A0A2S4QHB6	PF01266
A0A220QD17	PF01266
A0A0D7LP69	PF01266
A0A0D7M5D2	PF01266
A0A064DQU7	PF01266
A0A2X2WNZ3	PF01266
A0A078LKD3	PF01266
A8ANL6	PF01266
A0A0A1RXP1	PF01266
A0A0J1LTH4	PF01266
A0A0J1JYH8	PF01266
A0A2N4V7J6	PF01266
A0A1V4NUP2	PF01266
A0A0J1L0T2	PF01266
R8WWJ2	PF01266
A0A0V9JX62	PF01266
A0A205KT19	PF01266
A0A090U7M7	PF01266
A0A291CW82	PF01266
D4BHH7	PF01266
U5RS18	PF01070
A0A174RCK8	PF01266,PF04324
A0A174RL33	PF01266,PF04324
A0A174SVD5	PF01266,PF04324
A0A1S8PF74	PF01266,PF04324
A0A1S8QKR4	PF01266,PF04324
A0A1S8PPS0	PF01266,PF04324
A0A1S8S6B4	PF01266,PF04324
A0A1S8RU89	PF01266,PF04324
A0A1S8SAU8	PF01266,PF04324
A0A1V4IN81	PF01266,PF04324
A0A240AHF9	PF01266,PF04324
A0A2X2Y959	PF01266,PF04324
A0A239ZPU5	PF01565,PF02913
A0A240AYW4	PF01266,PF04324
A0A151APF0	PF01266,PF04324
A0A151APG5	PF01266,PF04324
A0A166TBE4	PF01266,PF04324
A0A173W6R9	PF01266,PF04324
A0A174CF58	PF01266,PF04324
A0A1S8LFP0	PF01266,PF04324
A0A0L6Z980	PF01266,PF04324
A0A0L6Z6D8	PF01266,PF04324
A0A1V4SM41	PF01266,PF04324
A0A174ZZA5	PF01266,PF04324
A0A166S056	PF01266,PF04324
A0A2T0BGU4	PF01266,PF04324
A0A2T0BMB6	PF01266,PF04324
A0A161Y585	PF01266,PF04324
A0A162QD80	PF01266,PF04324
A0A162T6A2	PF01266,PF04324
A0A2X4RVY0	PF01266,PF04324
A0A2X4RVR0	PF01266,PF04324
A0A2X4DRG9	PF01266,PF04324
A0A2X4DSF0	PF01266,PF04324
A0A2X2V9U4	PF01266,PF04324
A0A1S8TH47	PF01266,PF04324
A0A1A6AJ37	PF01266,PF04324
A0A1S8KX09	PF01266,PF04324
A0A1S8MYT6	PF01266,PF04324
M1MT52	PF01565,PF02913
A0A0U5P4V4	PF01266,PF04324
A0A0U5NX37	PF01266,PF04324
A0A0F0C861	PF01266,PF04324
A0A0F0CCR9	PF01266,PF04324
A0A0U5PE87	PF01266,PF04324
A0A1S8TT63	PF01266,PF04324
A0A0U5JSS4	PF01266,PF04324
A0A0F0C8R9	PF01266,PF04324
G7M0E1	PF01070
A0A0U5P358	PF01266,PF04324
A0A2X3BFQ4	PF01266,PF04324
A0A174E057	PF01266,PF04324
A0A151B4W3	PF01266,PF04324
A0A151B2B9	PF01266,PF04324
Q896M6	PF01565,PF02913
A0A2X3AWQ6	PF01565,PF02913
A0A2X3AZX8	PF01266,PF04324
A0A2X3B7U6	PF01266,PF04324
A0A2X3BCU2	PF01266,PF04324
A0A1V4SMB9	PF01266,PF04324
A0A2T0AZ09	PF01266,PF04324
A0A2T0ARZ7	PF01266,PF04324
A0A173XN47	PF01266,PF04324
A0A2X2FYC6	PF01266,PF04324
A0A2T0BFF9	PF01266,PF04324
G0AHZ1	PF01565
G0AHZ0	PF01565,PF02913
G0AHZ2	PF02754,PF12838
A0A174G332	PF01266,PF04324
D4J7S8	PF01565,PF02913
D4J5N3	PF01565,PF02913
A0A174JHS2	PF01266,PF04324
A0A173QVV1	PF01266,PF04324
A0A173YWB0	PF01266,PF04324
X5EDE2	PF01070
A0A0X2NRB5	PF01565,PF02913
A0A1R4H2M8	PF01266
Q39640	PF01070
Q1LMF7	PF01565,PF02913
Q1LQ51	PF01070
Q1LJ75	PF01565
Q0K749	PF02754,PF12838
A0A1K0J1E4	PF01565,PF02913
G0EVT6	PF01565
G0EVT7	PF02754,PF12838
Q0KC24	PF01565,PF02913
Q0K752	PF01565,PF02913
Q46UI1	PF01070
G0EVT4	PF01565,PF02913
G0ESW4	PF01565,PF02913
G0ERK7	PF01565,PF02913
G0ES38	PF01266
Q0K750	PF01565
B3R6H2	PF01565,PF02913
B3R6H5	PF02754,PF12838
C9Y717	PF02754,PF12838
C9Y9E7	PF01070
C9YF25	PF01565,PF02913
C9Y718	PF01565,PF02913
A0A1Y0N327	PF01266
G4CXE1	PF02754
A0A2K8WQE3	PF01565,PF02913
A0A2P1M9I7	PF01070
S7WFA4	PF01266
D3PDY4	PF02754,PF13183
D3PDY5	PF01565,PF02913
Q1IWN3	PF01070
A0A080NFB1	PF01070
F6AVX6	PF01070
A0A1V5H2F9	PF01266
A0A0T6ADC9	PF01565,PF02913
F5SJF4	PF02754
F5SJF1	PF01565
F5SJF2	
F5SJF5	PF01565,PF02913
F5SJF3	PF13183
A0A1W1HKR5	PF01565,PF02913
C0QK91	PF01565,PF02913
C0QCR3	PF01565,PF02913
C0QKR7	PF01565,PF02913
C0QJA3	PF01565,PF02913
K0NHF1	PF01565,PF02913
A0A0J1FVG5	PF01266
S0FYJ5	PF01565,PF02913
S0G7W3	PF01565,PF02913
S0FWI7	PF01266
S0FVM6	PF01565,PF02913
S0FZZ2	PF02754,PF13183
F6CI10	PF01070
F6B8U7	PF01070
Q314U5	PF01070
G7Q5T8	PF01070
A0A143BAP0	PF01266
A0A024KJM9	PF01266
A0A085FLP7	PF01565
A0A0K0TUB1	PF01266
Q54E41	PF01070
A0A2H3FM36	PF01070
A0A2H3FMJ4	PF01070
A0A174I9R3	PF01266,PF04324
A0A173UTZ9	PF01266,PF04324
A0A174PMH5	PF01266,PF04324
D8LSB4	PF01070
D8LDI6	PF01070
D7FMI7	PF01070
A0A1E3A8G4	PF01266,PF04324
A0A1E3A7D7	PF01266,PF04324
A0A1V5VKA3	PF01266
A0A2S9XRW6	PF01266
A0A2S9XS76	PF01266
A0A157T7I3	PF01266
A0A157WRT5	PF01266,PF04324
A0A156A822	PF01266
A0A157V574	PF01266
E3G4Z8	PF01266
A0A267REG3	PF01266
A0A0J0IQF0	PF01266
A0A2T3BZ53	PF01266
A0A0C5WDC9	PF01266
E5YJ45	PF01266
A0A2S0VCL8	PF01266
L0M7M1	PF01266
A0A1A7T4K6	PF01266,PF04324
A0A2X1LSR9	PF01266,PF04324
A0A0P7Z009	PF01565,PF02913
A0A2T3RPU7	PF01266
A0A2S6P9Y1	PF01266
W0AYF0	PF01266
A0A1X3JR76	PF01266
B1EGB1	PF01266
P37339	PF01266
A0A2X7WZ73	PF01266
A0A143DZ31	CL4691,PF01266
A0A0J8VZY6	PF01266
C3SYH2	PF01266
A0A027U7R6	PF01266
E1JCE8	PF01266
A0A026V971	PF01266
F4TJD1	PF01266
A0A080INM6	PF01266
A0A2Y0XCR7	PF01266
A0A163HQB6	PF01266
V6FUS6	PF01266
L3P4A5	PF01266
A0A1X3IIR9	PF01266
A0A2Y0ZPX2	PF01266
A0A0J2BBE2	PF01266
A0A2X7W5C2	PF01266
A0A2X5HJV0	PF01266
A0A2X6LBD3	PF01266
A0A0L6ZXC9	PF01266
I2SNE0	PF01266
E0J5N9	PF01266
W1WV69	PF01266
A0A0E0U267	PF01266
A0A073H8R8	PF01266
A0A192CAJ5	PF01266
A0A073UUG5	PF01266
A0A0A8UI60	PF01266
A0A0F6FB25	PF01266
I2WUP1	PF01266
A0A0L1C2J3	PF01266
A0A2I6JXT3	PF01266
A0A2I5SRX9	PF01266
A0A2I6F2V5	PF01266
A0A1M2U4X2	PF01266
A0A271UE38	PF01266
K4XG77	PF01266
T9S834	PF01266
A0A1X3IWC2	PF01266
D6JE00	PF01266
A0A2G8ZZL9	PF01266
W8SXD6	PF01266
J7Q9M2	PF01565,PF02913
A0A090JQ48	PF01266
A0A0B1KZU5	PF01266
W1FY06	PF01266
Q8X952	PF01266
W1FB99	PF01266
W9AIT9	PF01266
U9Y847	PF01266
A0A029IM56	PF01266
E9YT76	PF01266
A0A028ECX4	PF01266
T6H2K9	PF01266
A0A2X3K2D0	
A0A2X6BNK1	PF01266
A0A0K5MIV8	PF01266
C8UEL8	PF01266
A0A2X9ZHE1	PF01266
A0A2Y0Y9F4	PF01266
A0A2Y0EW81	PF01266
S0YLP1	PF01266
H4UMR9	PF01266
A0A140N9D4	PF01266
A0A1X3JCP4	PF01266
V0ZP67	PF01266
A0A0F6C7Y3	PF01266
T6M4V7	PF01266
S1CR89	PF01266
A0A2Y8KDX9	PF01266
C8U993	PF01266
A0A1Y2XR62	PF01266
F4NHG4	PF01266
G0F3P8	PF01266
A0A0E0V9N1	PF01266
A0A0D8WE46	PF01266
V0X6E1	PF01266
I2RYZ9	PF01266
V0UTT8	PF01266
D7XZF5	PF01266
S1PSB8	PF01266
S0XXZ5	PF01266
A0A1X3LEW4	PF01266
I2R9X6	PF01266
U9ZK98	PF01266
Q1R723	PF01565,PF02913
D7X825	PF01266
A0A025CWD0	PF01266
A0A2X6DW95	PF01266
A0A2X7Y4X9	PF01266
A0A2X7T9G2	PF01266
A0A2X1N6E9	PF01266
A0A2Y8K0P6	PF01266
A0A140RFH0	PF01266
A0A0K4BF87	PF01266
B6I651	PF01266
D7Z9V6	PF01266
L4J3R4	PF01266
F4V6F7	PF01266
A0A0B1BKX2	PF01266
A0A0A1A8N4	PF01266
A0A0A0FIX9	PF01266
V2R7J5	PF01266
B1LPD3	PF01266
B7N6P4	PF01266
E9TB27	PF01266
A0A2D0NUD0	PF01266
U9YE48	PF01266
A0A023Z1F3	PF01266
M9G390	PF01266
S1HCL7	PF01266
W1HA79	PF01266
K4UYH4	PF01266
D7XUN5	PF01266
F4VIN9	PF01266
A0A1X3KYR6	PF01266
A0A2X2XMT3	PF01266
C3SYH5	PF01266
A7ZQ91	PF01266
H4IEN1	PF01266
A0A0X5EQR7	PF01266
W1FWD4	
I4T3P9	PF01266
V8FE20	PF01266
B7UH79	PF01266
A0A028A533	PF01266
U9ZVC7	PF01266
I0VTU9	PF01266
D8AGJ5	PF01266
A0A2T1LGI3	PF01266
A0A2X7I455	PF01266
A0A0Q3HX61	PF01266
A0A0H2Z1W3	PF01266
I2UF32	PF01266
A0A2X6ZNL3	PF01266
A0A0K3PMF3	PF01266
A0A179Q4S9	PF01266
A0A125WZQ3	PF01266
S1HZF2	PF01266
A0A192CBF8	PF01565
A0A080FVH2	PF01266
A0A0H3EK26	PF01266
A0A024KQQ4	PF01266
A0A0G3K8M6	PF01266
L3Q278	PF01266
A0A2X6DF49	PF01266
J7R7X0	PF01266
F4T3U0	PF01266
A0A1M0CYR4	PF01266
A0A234V5V6	PF01266
A0A222QPD0	PF01266
A0A0E2TGC1	PF01266
I2XAR0	PF01266
A0A1X3LR98	PF01266
A0A029HPC8	PF01266
A0A2T3S5Z0	PF01266
A0A2X5U367	PF01266
A0A2X7SJV4	PF01266
A0A1D3KHJ3	PF01266
A0A1Q6B741	PF01266
A0A193LVU7	PF01266
A0A1M2G9G8	PF01266
A0A244ABR1	PF01266
A0A1Q4PK27	PF01266
E3XK67	PF01266
A0A1Q5ZQN2	PF01266
A0A066T3I8	PF01266
A0A2X5KYY8	PF01266
A0A0D0LS41	PF01266
A0A1X3I1A9	PF01266
F4SNC3	PF01266
A0A2X1KBM5	PF01266
A0A2X6K613	PF01266
A0A1S6TED6	PF01266
A0A0E2L0Q1	PF01266
V0SRL1	PF01266
D6IC93	PF01266
H4KKI8	PF01266
V8KFX9	PF01266
A0A073FRK3	PF01266
A0A1X3K4W7	PF01266
D6HZX5	PF01266
I2WFU7	PF01266
A0A2T3TM81	PF01266
A0A2Y0HI52	PF01266
A0A2X5QP97	PF01266
A0A0K3JFD1	PF01266
A0A2J1CD10	PF01266
A0A2S1VP31	PF01266
L3C3U3	PF01266
S0VN32	PF01266
A0A0K5Z1P8	PF01266
W1FZV6	PF01266
T9A731	PF01266
A0A074HRI2	PF01266
A0A069XGS7	PF01266
A0A070FNN1	PF01266
L4V8U9	PF01266
H4LFP4	PF01266
A0A1Z3V0K8	PF01266
A0A2X3L1Y9	PF01266
A0A2Y8Q6H4	PF01266
A0A2X1NHT5	PF01266
A0A1E5WZ24	PF01266
A0A1C7CNH8	PF01266
A0A271R3H9	PF01266
A0A2A7M5R4	PF01266
A0A2X7T7A7	PF01266
A0A192ES65	PF01266
A0A0K9THB5	PF01266
A0A0H3JJM3	PF01266
D3QPL1	PF01266
A0A070SSH5	PF01266
A0A192CCC7	PF02754,PF13183
E3PH30	PF01266
A0A0E0XYZ8	PF01266
A0A2X3K5J5	PF01266
A0A2X6T5Y6	PF01266
A0A2X5CTJ6	PF01266
A0A0K4DLS2	PF01266
T9CV12	PF01266
A0A0E1M0K0	PF01266
A0A0F3VBM6	PF01266
A0A0L6Y4N7	PF01266
E1IQ87	PF01266
S1HMM4	PF01266
A0A1X3KGH0	PF01266
A0A2S7SGF6	PF01266
F0JSX3	PF01266
B7LT10	PF01266
A0A2T3BIV2	PF01266
S1M293	PF01266
S0U1R3	PF01266
S1C2P4	PF01266
A0A2T3UAD3	PF01266
S0WG00	PF01266
A0A143XRU8	PF01266,PF04324
A0A173SH13	PF01266,PF04324
A0A173TMC2	PF01266,PF04324
A0A174I4P0	PF01266,PF04324
A0A174BFA4	PF01266,PF04324
A0A174H7H3	PF01266,PF04324
A0A140L8U4	PF01266,PF04324
A0A1V5U2Y5	PF01266,PF04324
A0A1V6FHV9	PF01266,PF04324,PF04972
A0A1V5M856	PF01266,PF04324
A0A1V6EEL1	PF01266,PF04324
A0A1V5TUV4	PF01266,PF04324
A0A1V5Y8S9	PF01266,PF04324
A0A1V5J370	PF01266,PF04324
A0A1Z5JJ59	PF01070
A0A1J0LPE9	PF02754
H8XPH1	PF01565,PF02913
A0A076P3J3	PF01565,PF02913
A6GX56	PF01565,PF02913
A0A174VLJ4	PF01266,PF04324
A0A174MZF4	PF01266,PF04324
A0A174GK19	PF01266,PF04324
A0A174LQ47	PF01266,PF04324
A0A174PZ29	PF01266,PF04324
A0A0W0S1D2	PF01070
A0A0W0T515	PF01070
A0A0W0T9X1	PF01070
A0A0W0U3G7	PF01070
A0A0W0U422	PF01070
E3IU20	PF01070
A0A166S3R1	PF01565,PF02913
A0A062WW27	PF01565,PF02913
W9D4X9	PF01565,PF02913
A0A0D8BAE7	PF01565,PF02913
A0A2I2KIL2	PF01070
A0A0D8B9B7	PF01565,PF02913
A0A2I2KQT5	PF01266
A0A0D8BLL9	PF01070
A0A1P8WJE7	PF01266
A0A174XQN2	PF01266,PF04324
A0A2X3K0X4	PF01266,PF04324
Q8RIN5	PF01565,PF02913
Q7P867	PF01565,PF02913
A5TRL7	PF01565,PF02913
D5REL4	PF01565,PF02913
M2Y0E7	PF01070
M2Y7P8	PF01070
M2W7F2	PF01070
M2WRR8	PF01070
A0A142XKF1	PF01266
C1A4Y0	PF01070
Q5KYD8	PF02754
Q5KYD7	PF01565,PF02913
Q5KZS1	PF01565
Q5KZR9	PF01565,PF02913
S7SUG9	PF02754,PF13183
A0A0G3XUD0	PF01266
S7U115	PF01565,PF02913
S7SU43	PF01565
S7U5Z8	PF02913
A0A150MX23	PF01266
S7SZ03	PF01565,PF02913
D2S4B7	PF01070
A0A0F7IHH0	PF01565,PF02913
U5QF75	PF01565,PF02913
A0A1J0A9L6	PF01565,PF02913
A0A0B2QXT2	
A0A0B2SP87	PF01070
A0A222TK96	PF01266
A0A1L3RIS1	PF01565,PF02913
A0A1L3RYG4	PF01565,PF02913
A0A1L3RBN6	PF01565
A0A1L3RIY0	PF01565
W6I4V4	PF02754,PF12838
Q0BSS4	PF01565,PF02913
Q0BSS5	PF01565
A0A1L3RHX1	PF02754,PF12838
W6I5R7	PF01565
W6I4G8	PF01565,PF02913
A0A1L3RAI9	PF02754,PF12838
A0A128F2A1	PF01266
A0A128F136	PF01266
A0A1R4GSH3	PF01266
G9Y0V0	PF01266
A0A085GN98	PF01266
A0A097R648	PF01266
A0A2A2MDQ7	PF01266
A0A0F7PEF6	PF01266
I0JRU5	PF02754,PF13183
I0JRU6	PF01565,PF02913
A0A109UKV5	PF01266
A0A1B8P6N4	PF01266
A0A1B8P6F6	PF01266
A0A1B8P6F8	PF01266
A0A1R4HXS9	PF01266
A0A101D3B1	PF01565,PF02913
A0A0P7ZBN5	PF01565,PF02913
F7PU87	PF01565,PF02913
A0A2G9GFJ3	PF01070
A0A2C9DEF1	PF01266
B5KUL2	PF01070
Q17XF0	PF01565,PF02913
A0A0K2Y0I2	PF01565,PF02913
A0A0K2Y6W6	PF01266
A0A0K2Y0X8	
A0A0K2X9Y9	PF01266
A0A0K2X7M8	
A0A0K2XCH6	PF01565,PF02913
H5VDZ6	PF01565,PF02913
H5VAZ0	PF01266
H5VAY9	PF01266
F8KPZ0	PF01565,PF02913
I7H604	PF01565,PF02913
A0A2X3B4W9	PF01565,PF02913
T1DVD0	PF01565,PF02913
A0A0K2XRH9	PF01565,PF02913
A0A0K2XV68	
A0A0K2XZV2	
A0A0K2XUN8	PF01565,PF02913
A0A0K2YE40	PF01565,PF02913
A0A0K2XR40	
A0A0K2XW66	
Q7VHU4	PF01565,PF02913
J0NY54	PF02754
J0LV76	PF02754
J0CJ25	PF02754
V5NMY9	PF01565,PF02913
I9QC67	PF02754
J0NQ35	PF02754
I9SY86	PF02754
I9SN73	PF02754
I9VJ91	PF02754
J0AF82	PF02754
I9ZW66	PF02754
J0K1I9	PF02754
J0N9A2	PF02754
I9YBY4	PF02754
J0QF80	PF02754
J0C7Q0	PF02754
J0BT75	PF02754
I9TFH2	PF02754
J0QQU2	PF02754
J0K0H0	PF02754
A0A238GUT4	PF01565,PF02913
J0Q1Y2	PF02754
Q1CV18	PF02754
I9XDF2	PF02754
J0ABA9	PF02754
E1S804	PF01565,PF02913
A0A238GTL6	PF02754
I9ZFV5	PF02754
D7FFM6	PF02754
I9SW61	PF02754
J0NGH8	PF02754
J0N6S8	PF02754
I9YRU8	PF02754
I9VIR9	PF01000,PF02754
J0AIG3	PF02754
J0FCM7	PF02754
I9QXN7	PF02754
J0T775	PF02754
J0T3Q0	PF02754
J0AKV7	PF02754
I9Z6T9	PF02754
J0I969	PF02754
J0I449	PF02754
J0JI36	PF02754
J0MTC9	PF02754
I9QLS9	PF02754
J0INP2	PF02754
J0A799	PF02754
D7FDJ3	PF01565,PF02913
I9X7P1	PF02754
I9THB2	PF02754
J0AM02	PF02754
J0MA07	PF02754
J0HVI6	PF02754
J0B9A4	PF02754
J0IGI0	PF02754
J0JPM0	PF02754
I9WXT2	PF02754
J0IR62	PF02754
J0MQ57	PF02754
J0KRB8	PF02754
J0HUJ5	PF02754
J0PDY3	PF02754
J0UJF0	PF02754
I9YPI2	PF02754
I9VVE0	PF02754
I9SAM5	PF02754
A0A099UFT4	PF01565,PF02913
D8IRW1	PF01565
D8IRW2	PF01565,PF02913
D8IRW0	PF02754,PF12838
A9AUI7	PF01070
A0A0F7PKD8	PF01565,PF02913
A0A0F7PF49	PF01070
Q9UJM8	PF01070
Q9NYQ3	PF01070
A0A174M3S1	PF01266,PF04324
A0A174X7R8	PF01266,PF04324
W7X618	PF01266
A0A218PV79	PF01565,PF02913
A0A218PVF7	PF02754,PF12838
A0A1V5THA4	PF01266
S2DJ52	PF01266
E6SCX5	PF01070
B7PME7	PF01070
B7PIA0	PF01070
B7PA56	PF01070
B7P402	PF01070
B7QE37	PF01070
B7PI58	PF01070
B7PPE8	PF01070
B7PF38	PF01070
B7P606	PF01070
B7P821	PF01070
B7PRE2	PF01070
B7P3F0	PF01070
W0UZR8	PF01070
L9PP95	PF01565,PF02913
A0A1A7C443	PF01565,PF02913
A6SUS8	PF01565,PF02913
L9PRB1	PF01565
A0A1E7W193	PF01266
A6SUT0	PF02754,PF12838
A6T2Q7	PF01565,PF02754,PF02913,PF11880,PF12447,PF13183
L9PP51	PF02754,PF12838
A0A1W6P1B6	PF01070
A0A0K3BGV1	PF01266
F0EWJ6	PF01565,PF02754,PF02913,PF11880,PF12447,PF13183
F5S6P2	PF01565,PF02754,PF02913,PF11880,PF12447,PF13183
A0A0H3FPE5	PF01266
A0A0M3H706	PF01266
A0A0J2GHS7	PF01266
A0A168NML8	PF01266
A0A181WTM3	PF01266
A0A170GY40	PF01266
W1AXB1	PF01266
A0A2X3GFW0	PF01266
A0A0J4XWM8	PF01266
W1ELX2	PF01266
V0AYW5	PF01266
A0A0E1CJ25	PF01266
W1AS28	PF01266
A0A263JXB3	PF01266
W9BE77	PF01266
A0A2X3CS23	PF01266
A0A231WIL8	PF01266
A0A2J5QKD0	PF01266
W8VHY5	PF01266
A0A0H3GN47	PF01266
A0A0C7K920	PF01266
A0A2X3FM75	PF01266
A0A1W1KHW1	PF01266
A0A1S8Y6J6	PF01266
J2XB85	PF01266
B5Y1D3	PF01266
A0A1Y0Q3R6	PF01266
A0A2L1C306	PF01266
A6T539	PF01266
A0A2J3D8B5	PF01266
A0A2N4VVY3	PF01266
A0A2A5MK91	PF01266
A0A2P6GXL3	PF01266
A0A223UFM3	PF01266
A0A2N4Z2T3	PF01266
A0A288TQZ9	PF01266
A0A0B7GBH8	PF01266
A0A2J6XQM3	PF01565,PF02913
D2PUB9	PF01070
D2PT03	PF01070
D6U4K8	PF01070
Q1PW53	PF01565,PF02913
W5VYK6	PF01266
A0A0M6Y1Z2	PF01266
A0A0M6YSN7	PF01266,PF04324
A0A0M6ZB63	PF01266
A0A0M6YRI1	PF01266
A0A0M7A909	PF01266
Q5FIR1	PF01070
C0WMC7	PF01070
K0MXH5	PF01070
K0N938	PF01070
G6CCJ7	PF01070
A0A1X7QKB2	PF01070
F0HWF2	PF01565,PF02913
G6F8W5	PF01565
G6F8W6	PF02913
A0A061C6C0	PF01070
K0NUR1	PF01070
I7K0M2	PF01070
U6FH10	PF01565
A0A2X0PI23	PF02913
U4QFU8	PF02913
U4QLZ7	PF01565
U4QGJ9	PF02913
U4QBW0	PF02913
U6FAS7	PF01565
U6FL28	PF01565
C0XIJ3	PF01070
C4VMW0	PF01070
C2E451	PF01070
C2FBH3	PF01070
I7IZ16	PF01070
A0A2S3U6G6	PF01070
M4KHX7	PF01565,PF02913
A0A0G9FC07	PF01070
F9UTP6	PF01565,PF02913
A0A2S3U744	PF01070
A0A2Y8ZL50	PF01070
A0A2Y8ZEV3	PF01070
A0A2Y8ZG02	PF01565,PF02913
C2JYX2	PF01070
C2K1F0	PF01070
C2EPE3	PF01070
C2ENE9	PF01070
G6FBF9	PF02754
Q9CG58	PF01070
Q9SMD8	PF01070
C1D5R9	PF01565,PF02754,PF02913,PF11880,PF12447,PF13183
A0A292YDW0	PF01565,PF02913
A0A2X1R8U8	PF01266
A0A2S4WWV1	PF01266
A0A2I8NYT9	PF01266
A0A0W0RBD6	PF01070
A0A0W0SNC9	PF01070
A0A0W0SGJ0	PF01070
A0A0W0SKN3	PF01070
A0A0W0SNN1	PF01070
A0A098G587	PF01070
A0A0W0TN02	PF01070
A0A0W0UHE4	PF01070
A0A0W0VL21	PF01070
D3HLE1	PF01070
A0A0W0VV04	PF01266
A0A0W0VW94	PF01070
A0A0W0WNB8	PF01070
A0A0W0X126	PF01266
A0A0W0Y368	PF01070
A0A0W0Y0Z9	PF01070
A0A0W0YSA4	PF01070
A0A0W0YDP5	PF01070
A0A0W0YVK2	PF01266
A0A0W0YYP4	PF01266
A0A0W0ZF37	PF01070
A0A2X4UW84	PF01266,PF04324
A0A1V6FDQ6	PF01266,PF04324
A0A1V5V7S7	PF01266,PF04324
A0A120MWB8	PF01266
B0SPC7	PF01070,PF18603
A0A1R4HQB4	PF01266
A0A0P0M9L6	PF01266
A0A0P0MGF7	PF01266
R7ZZ67	PF01266
A0A1R4K6U2	PF01266
B1HZY7	PF01070
W6K749	PF02754,PF12838
W6K7A3	PF01565
A0A087RXW1	PF01565,PF02913
A0A101I6I8	PF01565,PF02913
A0A0P8BJR7	PF01565,PF02913
A0A1W6K7Y1	PF01266
A0A0J7JD82	PF02754
A0A0J7JDW3	PF01565,PF02913
A0A081G1I2	PF01266
A0A1C3JTM6	PF01266
A0A1A8TT26	PF01266
A0A2K8L4N0	PF01565,PF02913
A0A1L8CNE4	PF01565,PF02913
P93260	PF01070
Q98DF1	PF01070
M5F9A9	PF01565,PF02913
A0A0K2VV82	PF01565,PF02913
A0A090FKU8	PF01565,PF02913
A0A090GR93	PF01565,PF02913
A0A090E2C2	PF01565,PF02913
M5FIH9	PF01565,PF02913
F0TBY7	PF00301,PF01070
U6EB70	PF00301,PF01070
Q0W3T1	PF01565,PF02913
Q0W2Q0	PF01565,PF02913
H8I743	PF01565,PF02913
M9SFA6	PF01565,PF02913
Q8PXD0	PF01565,PF02913
A2SM04	PF02754,PF12838
A2SM02	PF01565,PF02913
A2SED4	PF02754,PF12838
A2SED2	PF01565,PF02913
A2SM03	PF01565
W7WSX9	PF01266
A0A2N9AX38	PF01565,PF02913
C5AVF5	PF01565,PF02913
A0A089QDS0	PF01565,PF02913
V5BD74	PF01266
A0A1E2S2M6	PF01266
G4T075	PF01565,PF02913
A0A0F0KUX6	PF01266
A0A0M2HQX0	PF01266
A0A0M2H872	PF01266
A0A0M2HFS4	PF01266
I4FPB3	PF01565,PF02913
I4GYC0	PF01565,PF02913
I4HK74	PF01565,PF02913
I4HNA6	PF01565,PF02913
I4IWL2	PF01565,PF02913
I4GF15	PF01565,PF02913
I4G7M6	PF01565,PF02913
L7E3G5	PF01565,PF02913
I4IBN0	PF01565,PF02913
I0L4Y9	PF01070
I4EZV3	PF01070
A0A0D2NBS0	PF01070,PF03169
A0A137SA38	PF01266
Q9WU19	PF01070
Q9NYQ2	PF01070
X8B5I2	PF01070
A0A0N9YJI4	PF01565,PF02913
A4T1S5	PF01070
X8CCW7	PF01070
A0A1V3WKI5	PF01070
A0A1V3WJ80	PF01070
X7YFF3	PF01070
X7YWP4	PF01070
A0A0D6H816	PF01266
A1UBM5	PF01070
A0A0A1FVZ7	PF01565,PF02913
A0A0T9M427	PF01266,PF04324
A0A0T9N0J6	PF01266
A1T4N1	PF01070
A0A1N3VNT8	PF01266
A0A1M8SJM0	PF01266
A0A1N4G5K4	PF01266
A0A0J6WNW6	PF01266
A0A0J6Y3T5	PF01266
A0A0J6V898	PF01266,PF04324
A0A0J6YH39	PF01266
A0A0J6W3A3	PF01266,PF04324
G4HQU0	PF01070
G4HXB4	PF01070
A0A0L1IK85	PF01266
C8X9C2	PF01070
E0N9D3	PF01565,PF02754,PF02913,PF11880,PF12447,PF13183
G4CKD2	PF01565
G4CK16	PF01565,PF02754,PF02913,PF11880,PF12447,PF13183
G4CHB5	PF01565,PF02913
B0XXH6	PF01070
O82077	PF01070
A6Q1U6	PF01565,PF02913
A0A063Y722	PF01266
Q3SUS3	PF01070
Q82WJ9	PF01565,PF02913
Q82WK0	PF01565,PF02913
Q82T12	PF01070
Q82WE3	PF01565,PF02913
A0A109CTG5	PF01266
A0A231GW67	PF01266
A0A0H5P0S5	PF01266
A0A1I9Z5Z3	PF01565
A0A1I9ZHD8	PF01565,PF02913
A1SDE0	PF01070
A0A1R3UNU7	PF01266
Q7WZ90	PF01070
A0A1M4ERA4	PF01266
B2J901	PF01070
K9QIX1	PF01070
A0A2R5FH61	PF01565,PF02913
A0A1B7KJW3	PF01266
A0A1Y5TC79	PF01266
A0A2P9HBE8	PF01266
A0A2X1VHG2	PF01266
C2KX57	PF01070
B8B8K5	PF01070
Q8H3I4	PF01070
B8B7C5	PF01070
Q6YT73	PF01070
Q01KC2	PF01070
Q7XPR4	PF00929,PF01070
B8AKX6	PF01070
Q10CE4	PF01070
B8AUI3	PF01070
Q7FAS1	PF01070
Q19U05	PF01070
A0A2W0CE60	PF02754
A0A2W0C1R2	PF01565
A0A0C7QQ06	PF01266,PF04324
M7MTF7	PF01565,PF02913
M7N7G9	PF01565,PF02754,PF02913,PF13183
A0A1U7CQ63	PF01266
A0A0G4JIC2	PF01266
A0A239SNS1	PF01266
A0A0P0R820	PF01565,PF02913
A0A0P0RIU5	PF01565,PF02913
A0A0P0RP68	PF01565,PF02913
E5AM76	PF01565,PF02913
E5AM75	PF01565
E5AM74	PF02754,PF12838
Q145G9	PF01565
Q145G8	PF01565,PF02913
Q13YT9	PF01565,PF02913
Q145H0	PF02754,PF12838
S5YW07	PF01565,PF02913
A1BC61	PF01070
A0A150N3S1	PF01266
K6XRR8	PF01070
H0E0N2	PF01266
E0VFS2	PF01070
A0A1P8USU1	PF01565,PF02913
Q4FNZ1	PF01565
Q4FNZ0	PF01565,PF02913
Q4FNZ2	PF02754,PF12838
A0A075KIL9	PF01070
A0A1V4W2Z2	PF01266
A0A1V5BQ92	PF01266
A0A1V4VEM6	PF01266
G4D1T0	PF01565,PF02913
V9WB78	PF01565,PF02913
B7FUG8	PF01070
B7G7W1	PF01070
A0A090QLU0	PF01266
A0A090QN14	PF01266
A0A1C0U3C0	PF01266
Q6L2S0	PF02754,PF13183
Q6L072	PF01565,PF02913
Q6L2S1	PF01565,PF02913
Q8VX88	PF01070
A0A142WRZ4	PF01266
A0A142YAP2	PF01266
A0A073CBY9	PF01565
A0A073CPZ1	PF01565,PF02913
A0A1J1JNB7	PF01565,PF02913
A0A1J1L5E6	CL3434,PF01565,PF02913
A0A1J1LU26	PF01565,PF02913
A0A251ZKX1	PF01266
A0A1S2B7Y1	PF01266
A0A2C5WLX1	PF01266
A0A1Y4XA05	PF01266
A0A0J5M398	PF01266
A0A0E3V1E7	PF01565,PF02913
A0A0C1P707	PF01070
A0A0C1LF24	PF01565,PF02913
A0A0C1NL19	PF01565,PF02913
A0A0C1L853	PF01565,PF02913
A2C7I8	PF01565,PF02913
A2CCV2	PF01565
A0A0A1ZY49	PF01266
Q7V4L1	PF01565
Q7V678	PF01565,PF02913
Q46IL6	PF01070
A0A1B7JFA7	PF01266
A0A2X2C3V6	PF01266
A0A2X2D7G3	PF01266
A0A2X2A4L9	PF01266
A0A2X2AAS8	PF01266,PF04324
A0A2X2BD62	PF01266
A0A2S2DWV5	PF01565,PF02913
A0A024GXF2	PF01266
Q15TJ7	PF01070
A0A2K9JT18	PF01266
A0A2T6I904	PF01266
A0A2C8F5S9	PF01266
A0A2X2BEZ7	PF01266
A0A2X1YQ98	PF01266
A0A2X2CIZ9	PF01266,PF04324
A0A2X3FA95	PF01266,PF04324
A0A2X3HQF6	PF01266
A0A0D6I3R9	PF01266,PF04324
A0A2X1YW97	PF01266,PF04324
A0A0U3IJJ5	PF01266
A0A2X5QI91	PF01266,PF04324
A0A1J0J3H4	PF01266
A0A2X2E4H0	PF01266
A0A2X2DEH4	PF01266
A0A2X3HZW0	PF01266,PF04324
A0A2X5S4P6	PF01266
A0A2X2CT13	PF01266,PF04324
A0A2X2B0G3	PF01266
A0A193SGR8	PF01266
A0A193SGF1	PF01266
A0A127N143	PF01266
A0A127MX95	PF01266
A0A0D0SBV7	PF01266
L8MM98	PF01266
L8MHK8	PF01266
A0A0N0E1V1	PF01565,PF02913
A0A225E6C6	PF01266
A0A2C9EKR5	PF01266
A0A061CNB8	PF01565,PF02913
A0A061CMR4	PF01070
A0A061CL74	PF01565
W6QS11	PF01565
W6QQV7	PF01070
W6RA91	PF01565,PF02913
Q88IT9	PF01266
S6BHF8	PF01565
S6ARK9	PF01565
K9NL06	PF01565,PF02913
A0A1B4X4R1	PF02754
A0A0S4HN01	PF01266
K9NCU5	PF02754
A0A0F7Y5G1	PF01266
A0A0E3ML85	PF01266
A0A0F6XA07	PF01565,PF02913
A0A1D3JXL6	PF01266
A0A143GH29	PF01266
A0A1Y2MWS8	PF01266
F4CUY7	PF01070
F4CRU5	PF01070
F4CRK7	PF01070
F4CZ97	PF01070
A0A1Q8JLZ5	PF01266
A0A1Q8LP38	PF01266
A0A292Z204	PF01266
A0A1Q8LF43	PF01266
A0A1Q8KT56	PF01266
A0A1X6ZPJ9	PF01266
A0A161XBY1	PF01266
A0A166CQB0	PF01266
A0A165TE67	PF01266
B6R8D7	PF01565,PF02913
A0A165R5N7	PF01266
A0A1U6GPB8	PF01565,PF02913
A0A0J5QHZ2	PF01070
D5BRS1	PF01565
A0A0B6WZJ3	PF01565,PF02913
H6QAW2	PF01565,PF02913
A0A0K1DZV3	PF01565,PF02913
A3RTD6	PF01565,PF02913
A3RTD7	PF02754,PF12838
Q8XW08	PF01565,PF02913
D8N7C8	PF01565,PF02913
D8NYS5	PF01565,PF02913
D8NYS3	PF02754,PF12838
D8N7C6	PF02754,PF12838
A3RTD5	PF01565,PF02913
D8NPG9	PF01565,PF02913
Q8XW07	PF02754,PF12838
D8NYS4	PF01565,PF02913
D8NPG7	PF02754,PF12838
Q8XW09	PF01565,PF02913
I9W3U5	PF01565,PF02913
G3A159	PF01565,PF02913
G3A158	PF01565,PF02913
G3A160	PF02754,PF12838
A0A0B5IQH6	PF01266
A0A1V2BEE4	PF01266
A0A0F4Z475	PF01070
A0A0F4YNJ0	PF00173,PF01070
Q07523	PF01070
B3PR96	PF01565,PF02913
Q2KC17	PF01565,PF02913
B3PR95	PF01565,PF02913
W6RD42	PF01565,PF02913
W6R6M4	PF01565
G9A160	PF01565
G9A162	PF02754,PF12838
Q92NB8	PF01070
A0A0F4FWB8	PF02913
A0A083ZPU0	PF01565
A0A0F4FW78	PF01565
U4Q4U1	PF01565,PF02913
U4PUB6	PF01565
U4PQX0	PF02754,PF12838
L0NAR1	PF02754,PF12838
L0NN71	PF02754,PF12838
W6W585	PF01070
A0A1H8P321	PF01266
Q3IZ31	PF01565,PF02913
A0A2V5G266	PF01565,PF02913
B6B2K8	PF01565
B9NTK6	PF01565
B6B2K7	PF01565,PF02913
B6B2K9	PF02754,PF12838
B9NTK5	PF02754,PF12838
B6BCS1	PF01565,PF02913
B6BCS0	PF01565
A0A2X4WSS9	PF01266
A0A2X4UF66	PF01070
Q0S3N6	PF01070
W4A1K2	PF01070
A0A0D8I3J1	PF01266
A0A2X2FAF1	PF01266
A0A2X2G3L8	PF01070
A0A2X2FIJ0	PF01266,PF04324
A0A1Q8YII8	PF01565,PF02913
A0A1Q8YCB8	PF01070
A0A1Q8YFX8	PF01565
A0A1Q8YG26	PF02754,PF12838
A0A0J1BEK0	PF01266
A0A0D6B719	PF01565,PF02913
X5JLD8	PF01070
X5JVY4	PF01266
X5JEC9	PF01070
B9ST75	PF01070
B9ST69	PF01070
B9ST70	PF01070
A0A2P6RBS1	PF01070
A0A2P6PSR9	PF01070
A0A2P6RYW8	PF01070
A0A2P6RYY6	PF01070
A0A2P6Q5N0	PF01070
A0A2P6RYW4	PF01070
A0A2P6Q956	PF01070
A0A173ZMW0	PF01266,PF04324
A0A173ZCF0	PF01266,PF04324
A0A173SJS6	PF01266,PF04324
A0A174BAQ2	PF01266,PF04324
A0A173SVT5	PF01266,PF04324
A0A173TUP6	PF01266,PF04324
A0A173Z9N2	PF01266,PF04324
A0A1Y5TD26	PF01266
Q16CG6	PF02754,PF12838
Q16CG7	PF01565
Q16CG8	PF01565,PF02913
B7RR92	PF01070
B7RMW0	PF01565,PF02913
B7RMU4	PF02754,PF12838
D5RTL3	PF02754
D5RHM8	PF01565,PF02913
A0A1Q2YX61	PF01266
A0A1X6ZYE4	PF01266
A0A0A0HRL1	PF01565,PF02913
I0HXJ0	PF01070
I0HKK5	PF02754,PF12838
I0HKK7	PF01565
I0HKK8	PF01565,PF02913
B7QY06	PF01565,PF02913
B7QY07	PF01565
A4FNB1	PF01565,PF02913
A4FHK5	PF01565,PF02913
A0A2S2E3C3	PF01565,PF02913,PF13183
U2E4D8	PF01565,PF02913
U2ENB5	PF01565
U2EQX2	PF02754
A0A1U7D3X5	PF01565,PF02913
B5F313	PF01266
A9MG22	PF01266
S5MTE2	PF01266
A0A0K0HDL2	PF01266
A0A248K6M2	PF01266
A0A232SFT6	PF01266
A0A2X5DA12	PF01266
A0A1S1ACL8	PF01266
A0A2T9HK44	PF01266
A0A100VED0	PF01266
A0A2A6D4Q1	PF01266
A0A100PUL7	PF01266
Q57KY4	PF01266
A0A2T8T4G4	PF01266
A0A2X4M4N2	PF01266
A0A0W3LPM6	PF01266
A0A2I5HDD3	PF01266
A0A2X4WT35	PF01266
A0A0V2CNH0	PF01266
A0A1J4QQM5	PF01266
A0A0T9XH20	PF01266
S4I0R5	PF01266
G5SFM4	PF01266
A0A2X4PPN5	PF01266
A0A2T5MY13	PF01266
A0A2X4RW44	PF01266
A0A2X4QPS8	PF01266
A0A2X4S7K9	PF01266
A0A1S0ZIJ2	PF01266
A0A2T9GY46	PF01266
A0A241SB47	PF01266
A0A0F7JCH0	CL0100,PF01266
A0A2X4XJT3	PF01266
A0A0T9VZW8	PF01266
A0A2T9EVS0	PF01266
A0A2X4MGG7	PF01266
A0A2X5B6A9	PF01266
A0A221ZJ04	PF01266
A0A1Z3Q5L6	PF01266
A0A1X2T8E0	CL0729,PF01266
A0A0T9WB25	PF01266
A0A2X5E6C4	PF01266
A0A2T6XAP9	PF01266
A0A2T9Q6J4	PF01266
V7ISP4	PF01266
V1WUI6	PF01266
A0A271CNN3	PF01266
A0A2X4T9C6	PF01266
G5RJB6	PF01266
A0A1X2RGB0	PF01266
A0A1X2RQG7	PF01266
A0A2T8LAH2	PF01266
A0A2X5CPA8	PF01266
A0A2R4D801	PF01266
A0A2C9NWB7	PF01266
A0A265BCC6	CL7325,PF01000,PF01266
A0A2X4T413	PF01266
A0A0F5B9Q9	PF01266
A0A1Z3Q0E3	PF01266
A0A2X4ZSR2	PF01266
A0A2X4YRI6	PF01266
A0A2R4I9P2	PF01266
A0A2X5BAT5	PF01266
A0A2T9MN26	PF01266
A0A2T9I9F8	PF01266
G4C4W8	PF01266
A0A2X5ASA1	PF01266
A0A2S1HPL4	PF01266
A0A1V4NDF4	CL7431,PF01266
A0A1J6Y4E9	PF01266
A0A2X4XHG9	PF01266
A0A2T8Y9C1	PF01266
A0A2T9DJJ8	PF01266
A0A2T7HLR0	PF01266
A0A0H2WSA4	PF01266
C0PWI7	PF01266
A0A0N1R0I4	PF01266
A0A2X4SJR9	PF01266
A0A1F2JFJ4	PF01266
A0A2T9P5J0	PF01266
Q8Z4F9	PF01266
A0A0F6B5J1	PF01266
A0A0D6IJB7	PF01266
Q8ZMM3	PF01266
E8XK31	PF01266
A0A0H3NF06	PF01266
H6L109	PF01565,PF02913
A0A2H1LFL2	PF01266
A0A0U6D3N8	PF01266
A0A1W5DIM9	PF01266
A0A2X2H7U7	PF01266
A0A2X2G7J1	PF01266
A0A2X2GZA0	PF01266,PF04324
A0A2X5BIM3	PF01266
A0A0X2NYQ3	PF01266
A0A1S6HMZ2	PF02754
E7SSC5	PF01266
A0A2S8DVF6	PF01266
A0A236LKQ0	PF01266
B2U083	PF01266
I6D4W3	
A0A1S9JPT9	PF01266
I6D4W4	PF01266
A0A237FXU0	PF01266
I6DRD7	PF01266
Q31X30	PF01266
A0A2Y5J488	PF01266
Q0T194	PF01266
K0WZF8	PF01266
A0A2Y3AHI1	PF01266
A0A0H2VYY3	PF01266
E7T8N5	PF01266
I6GYD6	PF01266
I6GYC9	
A0A0H2V341	PF01266
A0A226KDZ9	PF01266
A0A2S4MZD4	PF01266
A0A2Y2UGT1	PF01266
A0A2Y2KXV4	PF01266
A0A2K0Q0W6	PF01266
A0A0F6MG83	PF01266
A0A2Y5LC03	PF01266
A0A2A2XDX3	PF01266
A0A2Y8BRW0	PF01266
A0A237M075	PF01266
A0A236HD77	PF01266
A0A235Y6L6	PF01266
Q3YYJ7	PF01266
A0A2Y7JTM7	PF01266
A0A2Y3D4P3	PF01266
A0A2Y7JX06	PF01266
A0A2Y8BRY7	PF01266
A0A2Y8BDB8	PF01266
A0A0H8S315	PF01266
A0A2Y3KMB9	PF01266
A0A142H5P4	PF01266
A0A1E2VSC3	PF01266
I2BC73	PF01266
C3MGS3	PF01565,PF02913
C3MGS4	PF01565
I3X1H0	PF01266
A0A0E0UMI3	PF01070
A0A0E0UEE5	PF01070
A0A1V5DYM8	PF01266
Q43775	PF01070
A0A0B0H8K0	PF02754
A0A0B0HAB7	PF01565,PF02913
K1L399	PF01266
F6ETN5	PF01070
G2IPH5	PF01565,PF02913
A0A173KZX5	PF01565,PF02913
G2IPH3	PF02754,PF12838
G2IPH4	PF01565
Q1GS14	PF01070
P05414	PF01070
A0A1V5VYJ8	PF01266
A0A1V5RER9	PF01266,PF04324
A0A1V6E3Y2	PF01266,PF04324
A0A2P1M9I8	PF01070
A0A259UBD5	PF01266,PF04324
A0A259UCC5	PF01266
A0A1U7MBF1	PF01266,PF04324
F9DUM3	PF01565,PF02913
F9DUM2	PF02754,PF13183
A0A0U5HR89	PF01565,PF02913
B8L0T8	PF01565,PF02913
A9QH69	PF01070
A0A0T8L4B5	PF01266
A0A1Q2ZFM1	PF01266
A0A124C1N8	PF01266
A0A0K2AU21	PF01266
A0A2N9BBV0	PF01266
A0A291QLU4	PF01070
A0A291QBP2	PF01266
A0A291QI69	PF01070
A0A1Y2NU87	PF01266
A0A2X2M7P2	PF01266
A0A177HVI8	PF01266
A0A2K8PFF8	PF01266
D6EL10	PF01266
A0A1B2GWZ5	PF01565,PF02913
A0A1B2H577	PF01070
A0A1B2H4K6	PF01070
A0A1Y2MUF7	PF01266
A0A0U5ERG0	PF01266
A0A0U5L8D3	PF01266,PF04324
A0A1D8G2T7	PF01266
A0A100JY31	PF01266
A0A100JW25	PF01266,PF04324
A0A2P9F2E1	PF01266,PF01932
A0A1V2RLK7	PF01266
A0A0S1UJG8	PF01565,PF02913
A0A1K2FQI0	PF01266,PF04324
A0A2S6X1L3	PF01266
A0A1B9EI34	PF01266
A0A2K8RIR2	PF01266,PF04324
M9TZM2	PF01266
A0A2P7ZWG2	PF01266
A0A2K8R647	PF01266
A0A1D2I9N5	PF01266
A0A2K8QZ64	PF01266,PF04324
A0A1V2RBQ6	PF01266,PF04324
A0A0S1UDQ3	PF01565,PF02913
A0A132MXD7	PF01266
B6BM25	PF01565,PF02913
F9VPD1	PF01565
Q96Y72	PF02754,PF13183
W6EJB2	PF01565,PF02913
A6QC61	PF01565,PF02913
A0A0S4XQE0	PF01565,PF02913
A5GUJ1	PF01565,PF02913
Q7U9U2	PF01565
A5GQ90	PF01565
Q0I8G2	PF01565,PF02913
Q0IDM6	PF01565
A5GI75	PF01565
Q7U599	PF01565,PF02913
A0A164CN52	PF01266
Q0IDM3	PF02754,PF13183
A5GMT1	PF01565,PF02913
A0A068N5J4	PF01266
A0A1V4XBS4	PF01266
A0A1V4XJ92	PF01266
Q2LXM8	PF01565,PF02913
A0A1V4XVE2	PF01266,PF04324
A0A1V5DGK5	PF01266,PF04324
A0A1V4Y5U0	PF01266,PF04324
B8MKR3	PF00173,PF01070
B8MMC0	PF00173,PF01070
B8LUI6	PF00173,PF01070
A0A1V6FCB3	PF01266,PF04324
A0A1V5UJE5	PF01266,PF04324
A0A1V6IK66	PF01266,PF04324
F4LXJ9	PF01070
C5BLP5	PF01070
B8BZV0	PF01070
A0A0N7LTA8	PF01266
K4LGZ0	PF01565,PF02913
A0A101D6K9	PF01565,PF02913
M8DGJ7	PF01565,PF02913
F6BIS2	PF01070
M1E5R9	PF01070
D1A2X8	PF01070
M4YUM8	PF01565,PF02913
A0A0S3QVA7	PF01565,PF02913
V5V4J0	PF02754,PF13183
V5V4E4	PF01565,PF02913
A0A140KZF1	PF01266,PF04324
A0A1V6GYE3	PF01266,PF04324
Q72LD2	PF02754,PF13183
Q72LD0	PF01565,PF02913
Q72G82	PF01565,PF02913
A0A084ZKT7	PF01266
A0A0L0GS82	PF01266
A0A173TSE9	PF01266,PF04324
A0A0S3PTR9	PF01266
A0A0H2M0K0	PF01266
A0A2J7VXZ2	PF01266
A0A1V6GKT0	PF01266
A0A1V6GZY0	PF01266,PF04324
A0A1V6JIX6	PF01266
A0A1V5Q8U0	PF01266
A5CXA9	PF01565,PF02913
A5CXB1	PF02754,PF12838
A0A2X2NFB3	PF01266
A0A1W6TKP6	PF01266
A0A1Q1PN27	PF01266
A0A1C3JI92	PF01266
A0A0H6MLS9	PF01266
A0A0H6PGQ1	PF01266
A0A0H5ZIS5	PF01266
A0A0H6NVX5	PF01266
A0A0E4GN67	PF01266
A0A0H6A8V9	PF01266
A0A0H5YZP6	PF01266
A0A0H6KPG7	
A0A1L9KRL5	PF01266
A0A0H3ZY49	PF01266
A0A2X2MV80	PF01266
A0A090SY56	PF01266
A0A090SZG8	PF01266
A0A090SDX8	PF01266
A0A090PSU2	PF01266
A0A1B1NNW1	PF01565,PF02913,PF13183
A0A1E3WQK6	PF01565,PF02913,PF13183
A0A2G4B5W2	PF01266
A0A090SEF3	PF01266
A0A090SES2	PF01266
A0A2K9J036	PF01266
A0A2K8DR46	PF01070
C5R9T2	PF01070
G0UG28	PF01070
A0A0D0Q694	PF01565,PF02913
A0A077QNR4	PF01266
A0A077NTT0	PF01266
A0A2X2PXB9	PF01266
G9Z4V9	CL0100,PF01266
Q84LB8	PF01070
A0A174JR00	PF01266,PF04324
A0A2X2UMG1	PF01266,PF04324
A0A174RK89	PF01266,PF04324
A0A150FP39	PF01070
S0FGL6	PF01565,PF02913
A0A1V4I7Z4	PF01266,PF04324
A0A173RFS6	PF01266,PF04324
A0A173RTV0	PF01266,PF04324
A0A173U2E1	PF01266,PF04324
A0A174KC18	PF01266,PF04324
A0A174HZH5	PF01266,PF04324
A0A174B7U0	PF01266,PF04324
A0A173VIC1	PF01266,PF04324
E0QJI9	PF01565,PF02913
A0A175A045	PF01266,PF04324
A0A174YIH8	PF01266,PF04324
A0A173RR46	PF01266,PF04324
A0A173SGR8	PF01266,PF04324
A0A1V5PIQ6	PF01266
A0A1V5KSH7	PF01266
A0A1V5KPV7	PF01266,PF04324
A0A1V5JL19	PF01266
A0A2H6EEQ8	PF01266
A0A2H6EM28	PF01266
A0A2H6F0X9	PF01266
A0A2H6F8K5	PF01266
A0A2H6IY94	PF01266
A0A2H5VNM4	PF01266
A0A2H5VW85	PF01266
A0A2H5VXH1	PF01266
A0A2H5W9Z8	PF01266
A0A2H5WBK4	PF01266
A0A2H5X4A2	PF01266
A0A2H5YFG5	PF01266
A0A2H5YSZ7	PF01266
A0A2H5Z7V6	PF01266
A0A2H5ZL71	PF01266
A0A2H5ZZ58	PF01266
A0A2H6A574	PF01266
A0A2H6AKT4	PF01266
A0A2H6AVQ2	PF01266
A0A2H6B124	PF01266
A0A2H6B7B6	PF01266
G2ZL38	PF01565,PF02913
G2ZL37	PF01565,PF02913
D7GNZ6	PF01565,PF02913
A0A1V5GPQ7	PF01266
S6BD85	PF01565,PF02913
S6BW26	PF01565,PF02913
S6BUT8	PF02754
S6BS41	PF01565,PF02913
A0A0P0USS3	PF01565,PF02913
A0A0W8FWC1	PF01266
A0A1W1BF41	PF01565,PF02913
A0A1W1B9J4	PF01565,PF02913
A0A160VAV7	PF01070
A0A1W1BUC8	PF01565,PF02913
A0A1W1BJV2	PF01565,PF02913
A0A1W1CRQ9	PF01565,PF02913
A0A1W1CEC0	PF02913
A0A1W1EAH6	PF01565,PF02913
A0A1W1CGF5	PF01565,PF02913
A0A1W1ED07	PF01565,PF02913
A0A160TTM4	PF01266
A0A160VBE0	PF01266
A0A1W1BJG1	PF01565,PF02913
A0A1W1CGQ7	PF01565,PF02913
A0A1W1CKZ9	PF01565,PF02913
A0A2P2BXE7	PF01070
A0A1J5RXQ3	PF01266
A0A1J5RTE4	PF01266
A0A1J5Q6D4	PF01266
V4JGD4	PF01565,PF02913
A0A1C6D9J8	PF01266,PF04324
A0A1C5N008	PF01266,PF04324
A0A1C5UTB9	PF01266,PF04324
A0A1C5YPI8	PF01266,PF04324
A0A1C5M0D3	PF01266,PF04324
A0A1C6BU62	PF01266,PF04324
A0A1C5RA52	PF01266,PF04324
A0A1C6IN19	PF01266,PF04324
A0A1C6BRR5	PF01266,PF04324
A0A1C6E5F3	PF01266,PF04324
A0A1C6CWX7	PF01266,PF04324
A0A1C5ZBX9	PF01266,PF04324
A0A1C5Z054	PF01266,PF04324
A0A1C6DBJ8	PF01266,PF04324
A0A1C5NZT0	PF01266,PF04324
A0A1C5Y6Q1	PF01266,PF04324
A0A1C5RPD8	PF01266,PF04324
A0A1C6ACJ4	PF01266,PF04324
A0A1C5LU99	PF01266,PF04324
A0A1C5RGR4	PF01266,PF04324
A0A1C6E0U1	PF01266,PF04324
A0A1C6KFU6	PF01266,PF04324
A0A1C5Z2S5	PF01266,PF04324
A0A1C6B461	PF01266,PF04324
A0A1C5Z5D9	PF01266,PF04324
A0A1C6CGU0	PF01266,PF04324
A0A1C5KKP5	PF01266,PF04324
A0A1C5WIH0	PF01266,PF04324
A0A1C6JMK9	PF01266,PF04324
A0A1C5VD94	PF01266,PF04324
A0A1C5TPN5	PF01266,PF04324
A0A1C5U454	PF01266,PF04324
A0A1C6ESY8	PF01266,PF04324
A0A1C6GQB1	PF01266,PF04324
A0A1C6CD38	PF01266,PF04324
A0A1C6CTH7	PF01266,PF04324
A0A1C5VZM4	PF01266,PF04324
A0A1C6EZJ6	PF01266,PF04324
A0A1C5QUE5	PF01266,PF04324
A0A1C5L9Z0	PF01266,PF04324
A0A1C5T583	PF01266,PF04324
A0A1C5LYA0	PF01266,PF04324
A0A1C5SL61	PF01266,PF04324
A0A1C5YAH9	PF01266,PF04324
A0A1C5NLM8	PF01266,PF04324
A0A1C5NZW2	PF01266,PF04324
A0A1C6G384	PF01266,PF04324
A0A1C5WZP5	PF01266,PF04324
A0A1Y5Q052	PF01070
S5UC18	PF01070
S5TUW7	PF01070
A0A075GPT8	PF01070
